journal,h2h_n,xml_od_rate,pdf_od_rate,best_od_rate
Scientific Reports,49500,0.044505050505050506,0.14377777777777778,0.14476767676767677
PLoS ONE,24144,0.06908548707753479,0.2381129887342611,0.24142644135188868
Cureus,18834,0.0010088138472974409,0.001752150366358713,0.0018052458320059466
Nature Communications,15121,0.09562859599232855,0.5662985252298128,0.5709278486872561
International Journal of Molecular Sciences,8254,0.05669978192391568,0.11994184637751393,0.12054761327841047
Heliyon,7499,0.0716095479397253,0.041605547406320845,0.07787705027336979
Sensors,5882,0.003060183611016661,0.012070724243454607,0.012070724243454607
BMC Public Health,5185,0.025458052073288332,0.12999035679845708,0.13114754098360656
Journal of Clinical Medicine,5131,0.001364256480218281,0.00896511401286299,0.00896511401286299
Materials,4599,0.0006523157208088715,0.005653402913676886,0.005653402913676886
Molecules,4081,0.03430531732418525,0.05268316589071306,0.0529282038716001
Frontiers in Immunology,3836,0.1329509906152242,0.21584984358706985,0.21715328467153286
Frontiers in Public Health,3568,0.029708520179372196,0.14321748878923768,0.14349775784753363
Foods,3081,0.018500486854917234,0.03375527426160337,0.03375527426160337
Frontiers in Psychology,2829,0.07175680452456698,0.12725344644750794,0.127960410038883
Nutrients,2751,0.013813158851326791,0.045438022537259176,0.04616503089785533
Animals,2748,0.05458515283842795,0.1146288209606987,0.11535662299854439
Plants,2705,0.05323475046210721,0.11016635859519408,0.11090573012939002
Polymers,2629,0.001901863826550019,0.01103081019399011,0.01103081019399011
Frontiers in Oncology,2588,0.03941267387944358,0.07187017001545595,0.07264296754250386
Cancers,2556,0.013693270735524257,0.04303599374021909,0.04303599374021909
RSC Advances,2507,0.035899481451934584,0.04507379337854009,0.046270442760271244
Communications Biology,2503,0.12305233719536555,0.6132640831002797,0.6184578505793048
Frontiers in Microbiology,2471,0.3828409550789154,0.5135572642654795,0.5159854309995953
Scientific Data,2421,0.7480380008261049,0.6137959520859149,0.7798430400660884
Frontiers in Pharmacology,2370,0.024894514767932488,0.14261603375527426,0.14261603375527426
Frontiers in Plant Science,2285,0.21663019693654267,0.2975929978118162,0.30065645514223194
BMC Cancer,2277,0.029424681598594644,0.1251646903820817,0.12604303908651734
Frontiers in Medicine,2212,0.03345388788426763,0.08318264014466546,0.08363471971066908
BMC Health Services Research,2205,0.004081632653061225,0.055782312925170066,0.05623582766439909
BMC Oral Health,2196,0.011384335154826957,0.06466302367941712,0.06466302367941712
BMC Medical Education,2148,0.0037243947858473,0.03398510242085661,0.034916201117318434
BMC Plant Biology,1982,0.13471241170534815,0.4192734611503532,0.42078708375378404
Diagnostics,1962,0.0061162079510703364,0.016819571865443424,0.017329255861365953
BMC Infectious Diseases,1953,0.030209933435739886,0.14695340501792115,0.14695340501792115
Healthcare,1837,0.002177463255307567,0.023407729994556342,0.023407729994556342
Microorganisms,1825,0.1780821917808219,0.29315068493150687,0.2958904109589041
Biomedicines,1765,0.01643059490084986,0.036260623229461754,0.037393767705382434
Discover Oncology,1761,0.0653038046564452,0.1902328222600795,0.19363997728563317
BMC Genomics,1747,0.2014882655981683,0.6937607326846021,0.6954779622209502
Frontiers in Endocrinology,1728,0.1111111111111111,0.1724537037037037,0.17418981481481483
Frontiers in Psychiatry,1569,0.043339706819630335,0.09878903760356915,0.09878903760356915
Advanced Science,1568,0.05739795918367347,0.11862244897959184,0.12308673469387756
Frontiers in Neurology,1556,0.02634961439588689,0.061053984575835475,0.061696658097686374
BMC Nursing,1490,0.0013422818791946308,0.021476510067114093,0.02214765100671141
Frontiers in Nutrition,1469,0.10551395507147719,0.2226004084411164,0.22328114363512594
Nanomaterials,1453,0.0013764624913971094,0.004817618719889883,0.004817618719889883
Frontiers in Veterinary Science,1441,0.14850798056904926,0.24080499653018736,0.24149895905621097
BMC Musculoskeletal Disorders,1424,0.014747191011235955,0.06601123595505617,0.06601123595505617
Journal of Translational Medicine,1409,0.0695528743789922,0.2320794889992903,0.23420865862313697
BMC Psychiatry,1386,0.030303030303030304,0.08874458874458875,0.08946608946608947
BMC Pregnancy and Childbirth,1345,0.012639405204460967,0.07360594795539034,0.07360594795539034
Medicina,1341,0.0044742729306487695,0.01267710663683818,0.01267710663683818
BMC Psychology,1309,0.019862490450725745,0.0748663101604278,0.0748663101604278
BMC Geriatrics,1299,0.009237875288683603,0.08929946112394149,0.09006928406466513
Chemical Science,1256,0.1321656050955414,0.15445859872611464,0.16003184713375795
eLife,1225,0.1763265306122449,0.5877551020408164,0.5951020408163266
Viruses,1209,0.14226633581472292,0.24483043837882548,0.2456575682382134
Journal of Orthopaedic Surgery and Research,1198,0.007512520868113523,0.0325542570951586,0.0325542570951586
Cell Death and Disease,1169,0.11035072711719418,0.28828058169375537,0.28999144568006846
BMC Pediatrics,1143,0.007874015748031496,0.07174103237095363,0.07174103237095363
International Journal of Environmental Research and Public Health,1115,0.0026905829596412557,0.028699551569506727,0.028699551569506727
Pharmaceuticals,1092,0.018315018315018316,0.03663003663003663,0.037545787545787544
Frontiers in Cardiovascular Medicine,1084,0.021217712177121772,0.08671586715867159,0.08671586715867159
Life,1077,0.019498607242339833,0.04642525533890436,0.04642525533890436
PLoS Computational Biology,1062,0.10357815442561205,0.3851224105461394,0.3879472693032015
Micromachines,1059,0.0018885741265344666,0.004721435316336166,0.004721435316336166
Genes,1050,0.10761904761904761,0.22857142857142856,0.22952380952380952
Pharmaceutics,1047,0.015281757402101241,0.02387774594078319,0.02387774594078319
Cells,1046,0.05640535372848948,0.13097514340344169,0.13097514340344169
Journal of Nanobiotechnology,1037,0.015429122468659595,0.03857280617164899,0.03857280617164899
BMC Cardiovascular Disorders,1029,0.026239067055393587,0.10495626822157435,0.10592808551992225
Frontiers in Pediatrics,998,0.014028056112224449,0.07314629258517034,0.07314629258517034
Ecology and Evolution,984,0.13414634146341464,0.5619918699186992,0.5640243902439024
Antioxidants,983,0.024415055951169887,0.05798575788402848,0.059003051881993895
Behavioral Sciences,968,0.01652892561983471,0.058884297520661155,0.058884297520661155
Nature,959,0.11157455683003129,0.5828988529718456,0.5954118873826904
Children,956,0.0031380753138075313,0.013598326359832637,0.013598326359832637
Science Advances,953,0.07869884575026233,0.36621196222455404,0.36935991605456453
Trials,950,0.02631578947368421,0.09789473684210526,0.09894736842105263
PLoS neglected tropical diseases,948,0.1308016877637131,0.3291139240506329,0.33122362869198313
BMC Veterinary Research,943,0.14103923647932132,0.2354188759278897,0.23647932131495228
Frontiers in Bioengineering and Biotechnology,935,0.026737967914438502,0.09839572192513368,0.09839572192513368
PLoS Pathogens,934,0.21841541755888652,0.47002141327623126,0.4721627408993576
Vaccines,929,0.0193756727664155,0.059203444564047365,0.059203444564047365
European journal of medical research,926,0.0367170626349892,0.11123110151187905,0.11123110151187905
Biomolecules,888,0.04954954954954955,0.10810810810810811,0.10923423423423423
Frontiers in Neuroscience,884,0.07805429864253394,0.1255656108597285,0.12782805429864252
Bioengineering,876,0.010273972602739725,0.02511415525114155,0.02511415525114155
BMC Microbiology,874,0.2494279176201373,0.6189931350114416,0.6212814645308925
Frontiers in Cellular and Infection Microbiology,868,0.25,0.3548387096774194,0.358294930875576
Nucleic Acids Research,866,0.1628175519630485,0.5889145496535797,0.5935334872979214
Frontiers in Genetics,846,0.1016548463356974,0.3557919621749409,0.35815602836879434
Entropy,837,0.0047789725209080045,0.015531660692951015,0.015531660692951015
Journal of Cardiothoracic Surgery,832,0.003605769230769231,0.015625,0.016826923076923076
BMC Women s Health,830,0.014457831325301205,0.07951807228915662,0.07951807228915662
BMC Pulmonary Medicine,822,0.0364963503649635,0.1192214111922141,0.12043795620437957
Journal of Medical Case Reports,809,0.004944375772558714,0.00865265760197775,0.00865265760197775
Insects,809,0.10754017305315204,0.19530284301606923,0.1965389369592089
BMC Gastroenterology,800,0.05,0.15125,0.155
BMC Ophthalmology,799,0.0037546933667083854,0.02753441802252816,0.02753441802252816
Antibiotics,792,0.08333333333333333,0.1553030303030303,0.1553030303030303
BMC Medicine,788,0.04060913705583756,0.1802030456852792,0.18401015228426396
Brain Sciences,764,0.010471204188481676,0.05235602094240838,0.05235602094240838
Biology,761,0.07227332457293036,0.1471747700394218,0.1471747700394218
ACS Omega,744,0.0228494623655914,0.06451612903225806,0.06451612903225806
Frontiers in Physiology,744,0.03763440860215054,0.11424731182795698,0.11424731182795698
Parasites & Vectors,703,0.20483641536273114,0.33001422475106684,0.3328591749644381
PLOS Global Public Health,702,0.017094017094017096,0.21367521367521367,0.21794871794871795
Clinical Case Reports,698,0.0014326647564469914,0.01002865329512894,0.01002865329512894
Cell Communication and Signaling,690,0.08695652173913043,0.19855072463768117,0.2
Pathogens,687,0.14556040756914118,0.2445414847161572,0.24599708879184862
BMC Anesthesiology,657,0.0,0.0243531202435312,0.0243531202435312
Cell Death Discovery,652,0.06595092024539877,0.17791411042944785,0.17791411042944785
Toxics,650,0.010769230769230769,0.038461538461538464,0.038461538461538464
PLoS Biology,648,0.5262345679012346,0.6080246913580247,0.6743827160493827
Orphanet Journal of Rare Diseases,641,0.0093603744149766,0.078003120124805,0.07956318252730109
BMC Neurology,640,0.0125,0.0609375,0.0609375
Cardiovascular Diabetology,621,0.05636070853462158,0.13043478260869565,0.1320450885668277
Journal of Fungi,621,0.19001610305958133,0.29790660225442833,0.29790660225442833
BMC Research Notes,619,0.06785137318255251,0.19709208400646203,0.20193861066235863
Journal of Personalized Medicine,612,0.00980392156862745,0.024509803921568627,0.024509803921568627
Translational Psychiatry,611,0.05237315875613748,0.16039279869067102,0.16366612111292964
Journal of Surgical Case Reports,610,0.0,0.009836065573770493,0.009836065573770493
BMC Nephrology,609,0.0049261083743842365,0.054187192118226604,0.054187192118226604
Stem Cell Research & Therapy,605,0.05289256198347107,0.2892561983471074,0.2909090909090909
Aging,602,0.16943521594684385,0.17275747508305647,0.1744186046511628
Cellular and Molecular Life Sciences,598,0.09866220735785954,0.25585284280936454,0.2591973244147157
Endoscopy,591,0.0,0.0,0.0
BMC Primary Care,590,0.003389830508474576,0.05593220338983051,0.05593220338983051
Journal of Cancer Research and Clinical Oncology,586,0.030716723549488054,0.08532423208191127,0.08532423208191127
npj Digital Medicine,585,0.02905982905982906,0.11965811965811966,0.12136752136752137
Gels,577,0.0017331022530329288,0.006932409012131715,0.006932409012131715
Frontiers in Cell and Developmental Biology,576,0.06770833333333333,0.1996527777777778,0.1996527777777778
BMC Surgery,576,0.0,0.006944444444444444,0.006944444444444444
Journal of Inflammation Research,575,0.03826086956521739,0.10260869565217391,0.10782608695652174
Respiratory Research,572,0.02972027972027972,0.1258741258741259,0.1258741258741259
Lipids in Health and Disease,566,0.08833922261484099,0.24911660777385158,0.25265017667844525
BMC Medical Informatics and Decision Making,564,0.010638297872340425,0.1099290780141844,0.1099290780141844
BMC Complementary Medicine and Therapies,557,0.03231597845601436,0.07540394973070018,0.07899461400359066
Open Forum Infectious Diseases,556,0.01618705035971223,0.25359712230215825,0.25359712230215825
Biomimetics,551,0.0,0.009074410163339383,0.009074410163339383
Veterinary Sciences,546,0.07509157509157509,0.10989010989010989,0.11538461538461539
European Heart Journal - Case Reports,542,0.0,0.0,0.0
Food Science & Nutrition,541,0.018484288354898338,0.04990757855822551,0.04990757855822551
Environmental Science and Pollution Research,537,0.0297951582867784,0.055865921787709494,0.055865921787709494
BMC Bioinformatics,526,0.10646387832699619,0.311787072243346,0.31749049429657794
Malaria Journal,517,0.02127659574468085,0.06963249516441006,0.06963249516441006
BMC Medical Imaging,511,0.007827788649706457,0.03522504892367906,0.03522504892367906
Bioinformatics,509,0.06483300589390963,0.32023575638506874,0.32023575638506874
Cancer Cell International,503,0.055666003976143144,0.13717693836978131,0.13916500994035785
Health Science Reports,499,0.012024048096192385,0.036072144288577156,0.036072144288577156
Alzheimer s & Dementia,496,0.04233870967741935,0.09274193548387097,0.1028225806451613
Applied Microbiology and Biotechnology,495,0.2545454545454545,0.397979797979798,0.397979797979798
Light Science & Applications,490,0.006122448979591836,0.030612244897959183,0.030612244897959183
Cancer Medicine,483,0.024844720496894408,0.07039337474120083,0.07039337474120083
World Journal of Surgical Oncology,480,0.0125,0.041666666666666664,0.041666666666666664
Metabolites,478,0.02301255230125523,0.06694560669456066,0.06694560669456066
Frontiers in Aging Neuroscience,476,0.07563025210084033,0.1092436974789916,0.11134453781512606
Frontiers in Surgery,474,0.0,0.0189873417721519,0.0189873417721519
Oncology Letters,474,0.03164556962025317,0.12869198312236288,0.12869198312236288
Communications Medicine,467,0.07066381156316917,0.3576017130620985,0.3576017130620985
Genome biology,459,0.1655773420479303,0.9106753812636166,0.9128540305010894
iScience,459,0.5010893246187363,0.5185185185185185,0.5185185185185185
Frontiers in Sports and Active Living,457,0.0,0.04157549234135667,0.04157549234135667
PLoS Genetics,457,0.43544857768052514,0.5711159737417943,0.6892778993435449
Diabetology & Metabolic Syndrome,456,0.07675438596491228,0.18859649122807018,0.18859649122807018
Virology Journal,455,0.12087912087912088,0.23296703296703297,0.23956043956043957
Cancer Immunology Immunotherapy,454,0.048458149779735685,0.10572687224669604,0.10572687224669604
Journal of Cellular and Molecular Medicine,452,0.046460176991150445,0.14380530973451328,0.1504424778761062
Biosensors,451,0.0022172949002217295,0.019955654101995565,0.019955654101995565
Communications Chemistry,451,0.06873614190687362,0.2771618625277162,0.2793791574279379
Molecular Medicine,445,0.04044943820224719,0.1101123595505618,0.1101123595505618
Journal of Neuroinflammation,443,0.07674943566591422,0.2618510158013544,0.2618510158013544
npj Precision Oncology,441,0.07256235827664399,0.3900226757369615,0.3900226757369615
Microbial Cell Factories,439,0.19134396355353075,0.2642369020501139,0.275626423690205
International Wound Journal,433,0.004618937644341801,0.013856812933025405,0.013856812933025405
BMC Biology,431,0.1925754060324826,0.6751740139211136,0.679814385150812
Frontiers in Chemistry,424,0.0330188679245283,0.09905660377358491,0.09905660377358491
BMC Medical Research Methodology,418,0.03588516746411483,0.1076555023923445,0.11004784688995216
Supportive Care in Cancer,411,0.0024330900243309003,0.024330900243309004,0.024330900243309004
BMC Chemistry,411,0.031630170316301706,0.07785888077858881,0.07785888077858881
Journal of Experimental & Clinical Cancer Research,406,0.1206896551724138,0.30049261083743845,0.30295566502463056
Journal of Neurology,393,0.010178117048346057,0.03816793893129771,0.03816793893129771
BMC Palliative Care,389,0.0,0.03598971722365039,0.03598971722365039
Frontiers in Human Neuroscience,385,0.09350649350649351,0.15584415584415584,0.16103896103896104
Journal of Health Population and Nutrition,382,0.034031413612565446,0.1387434554973822,0.1387434554973822
Signal Transduction and Targeted Therapy,380,0.042105263157894736,0.3263157894736842,0.3263157894736842
PNAS Nexus,380,0.06578947368421052,0.4131578947368421,0.4131578947368421
Microbiome,380,0.16842105263157894,0.8,0.8
Insights into Imaging,377,0.002652519893899204,0.013262599469496022,0.013262599469496022
Briefings in Bioinformatics,377,0.10079575596816977,0.2838196286472148,0.2917771883289125
The Italian Journal of Pediatrics/Italian journal of pediatrics,377,0.010610079575596816,0.05570291777188329,0.05570291777188329
Alzheimer s Research & Therapy,371,0.03234501347708895,0.14016172506738545,0.14016172506738545
npj Parkinson s Disease,370,0.043243243243243246,0.20270270270270271,0.20810810810810812
Acta Dermato Venereologica,370,0.0,0.008108108108108109,0.008108108108108109
Marine Drugs,369,0.07317073170731707,0.0975609756097561,0.10298102981029811
Annals of Surgical Oncology,368,0.0,0.01358695652173913,0.01358695652173913
Clinical Oral Investigations,363,0.005509641873278237,0.02203856749311295,0.02203856749311295
International Journal of General Medicine,363,0.008264462809917356,0.030303030303030304,0.03305785123966942
BMC Endocrine Disorders,360,0.044444444444444446,0.13055555555555556,0.13055555555555556
Nano-Micro Letters,359,0.002785515320334262,0.002785515320334262,0.002785515320334262
International Journal of Nanomedicine,357,0.011204481792717087,0.025210084033613446,0.025210084033613446
Critical Care,356,0.0,0.06741573033707865,0.06741573033707865
National Science Review,354,0.00847457627118644,0.062146892655367235,0.062146892655367235
European Journal of Pediatrics,354,0.00847457627118644,0.0480225988700565,0.0480225988700565
International Journal for Equity in Health,353,0.0028328611898017,0.0821529745042493,0.0821529745042493
Archives of Public Health,352,0.011363636363636364,0.11363636363636363,0.11363636363636363
BMC Medical Genomics,350,0.09428571428571429,0.4228571428571429,0.4228571428571429
Toxins,346,0.06069364161849711,0.09826589595375723,0.09826589595375723
BMC Urology,346,0.014450867052023121,0.06358381502890173,0.06358381502890173
Current Oncology,345,0.002898550724637681,0.014492753623188406,0.014492753623188406
Aging Clinical and Experimental Research,341,0.05571847507331378,0.11730205278592376,0.11730205278592376
npj Vaccines,339,0.06784660766961652,0.23893805309734514,0.2448377581120944
BMC Sports Science Medicine and Rehabilitation,337,0.002967359050445104,0.05341246290801187,0.05341246290801187
Surgical Case Reports,332,0.0,0.006024096385542169,0.006024096385542169
Frontiers in Molecular Biosciences,332,0.10843373493975904,0.27710843373493976,0.27710843373493976
Nanoscale Advances,330,0.045454545454545456,0.048484848484848485,0.051515151515151514
Arthritis Research & Therapy,324,0.05555555555555555,0.12037037037037036,0.12345679012345678
Angewandte Chemie International Edition,320,0.040625,0.178125,0.18125
Physiological Reports,320,0.040625,0.065625,0.06875
Infection and Drug Resistance,318,0.04716981132075472,0.1320754716981132,0.13522012578616352
Journal of Ovarian Research,316,0.0379746835443038,0.12025316455696203,0.12025316455696203
Nanophotonics,316,0.0,0.006329113924050633,0.006329113924050633
Brain and Behavior,312,0.02564102564102564,0.07371794871794872,0.07371794871794872
Acta Neurochirurgica,308,0.0,0.022727272727272728,0.022727272727272728
Annals of Hematology,307,0.003257328990228013,0.029315960912052116,0.029315960912052116
Journal of Korean Medical Science,305,0.006557377049180328,0.009836065573770493,0.009836065573770493
Microsystems & Nanoengineering,302,0.0033112582781456954,0.0033112582781456954,0.0033112582781456954
EFSA Journal,297,0.07744107744107744,0.11784511784511785,0.14814814814814814
Journal of NeuroEngineering and Rehabilitation,294,0.01020408163265306,0.08163265306122448,0.08503401360544217
BMC Emergency Medicine,294,0.0,0.027210884353741496,0.027210884353741496
Acta Neuropathologica Communications,290,0.06551724137931035,0.23103448275862068,0.23448275862068965
Clinical and Experimental Medicine,290,0.02413793103448276,0.10344827586206896,0.10344827586206896
Surgical Endoscopy,289,0.0,0.0034602076124567475,0.0034602076124567475
Nature Medicine,284,0.056338028169014086,0.4788732394366197,0.4823943661971831
CNS Neuroscience & Therapeutics,283,0.007067137809187279,0.05653710247349823,0.05653710247349823
Clinical Kidney Journal,283,0.0035335689045936395,0.05653710247349823,0.05653710247349823
Dentistry Journal,281,0.0035587188612099642,0.010676156583629894,0.010676156583629894
Advances in Therapy,281,0.0035587188612099642,0.05338078291814947,0.05693950177935943
The Journal of Headache and Pain,281,0.03558718861209965,0.09608540925266904,0.09608540925266904
Harm Reduction Journal,280,0.007142857142857143,0.1,0.1
Breast Cancer Research,280,0.05,0.18571428571428572,0.18571428571428572
International Journal of Emergency Medicine,277,0.0,0.021660649819494584,0.021660649819494584
European Archives of Oto-Rhino-Laryngology,275,0.0036363636363636364,0.01818181818181818,0.01818181818181818
Experimental and Therapeutic Medicine,270,0.022222222222222223,0.13333333333333333,0.13333333333333333
Renal Failure,269,0.01486988847583643,0.08921933085501858,0.08921933085501858
Langenbeck s Archives of Surgery,266,0.0,0.022556390977443608,0.022556390977443608
Veterinary Research,265,0.10943396226415095,0.22264150943396227,0.22641509433962265
Dermatology and Therapy,264,0.003787878787878788,0.026515151515151516,0.026515151515151516
Veterinary Medicine and Science,264,0.056818181818181816,0.06439393939393939,0.07196969696969698
Reproductive Health,264,0.007575757575757576,0.03787878787878788,0.03787878787878788
Horticulture Research,263,0.23193916349809887,0.5133079847908745,0.5133079847908745
Journal of Eating Disorders,261,0.034482758620689655,0.08045977011494253,0.08045977011494253
Brain Communications,260,0.03076923076923077,0.11538461538461539,0.11923076923076924
GeroScience,259,0.06177606177606178,0.14285714285714285,0.15057915057915058
PLANT PHYSIOLOGY,258,0.3953488372093023,0.46511627906976744,0.46511627906976744
Radiation Oncology,258,0.003875968992248062,0.015503875968992248,0.015503875968992248
Journal of Multidisciplinary Healthcare,256,0.01953125,0.05078125,0.05859375
Plant Methods,255,0.047058823529411764,0.09803921568627451,0.10196078431372549
Journal of Imaging,254,0.003937007874015748,0.031496062992125984,0.031496062992125984
European Radiology,251,0.01195219123505976,0.027888446215139442,0.027888446215139442
Journal of Pain Research,250,0.02,0.044,0.044
Journal of Veterinary Internal Medicine,249,0.03614457831325301,0.10040160642570281,0.10040160642570281
Molecular Psychiatry,249,0.0963855421686747,0.3132530120481928,0.3172690763052209
Cell Reports,248,0.6532258064516129,0.7217741935483871,0.75
Analytical and Bioanalytical Chemistry,248,0.028225806451612902,0.06451612903225806,0.06451612903225806
Archives of Gynecology and Obstetrics,247,0.004048582995951417,0.012145748987854251,0.012145748987854251
Sports,247,0.0,0.012145748987854251,0.012145748987854251
Clinical Epigenetics,246,0.06910569105691057,0.32113821138211385,0.32113821138211385
World Journal of Urology,246,0.0,0.016260162601626018,0.016260162601626018
The ISME Journal,245,0.17959183673469387,0.7183673469387755,0.7224489795918367
BMC Nutrition,244,0.01639344262295082,0.06967213114754098,0.06967213114754098
International Journal of Colorectal Disease,244,0.004098360655737705,0.03278688524590164,0.03278688524590164
Drug Design Development and Therapy,243,0.01646090534979424,0.02880658436213992,0.03292181069958848
Frontiers in Artificial Intelligence,242,0.049586776859504134,0.15289256198347106,0.15289256198347106
Clinical ophthalmology,241,0.004149377593360996,0.012448132780082987,0.016597510373443983
ESC Heart Failure,241,0.0,0.004149377593360996,0.004149377593360996
Journal of Cardiovascular Development and Disease,240,0.0,0.020833333333333332,0.020833333333333332
European Journal of Neurology,239,0.0041841004184100415,0.03347280334728033,0.03347280334728033
Molecular Cancer,237,0.0759493670886076,0.32489451476793246,0.3291139240506329
Ophthalmology and Therapy,237,0.004219409282700422,0.029535864978902954,0.029535864978902954
Health Expectations,233,0.012875536480686695,0.03862660944206009,0.04291845493562232
Behavior Research Methods,233,0.37339055793991416,0.6652360515021459,0.6781115879828327
Discover Nano,232,0.017241379310344827,0.02586206896551724,0.02586206896551724
Archives of Orthopaedic and Trauma Surgery,232,0.0,0.004310344827586207,0.004310344827586207
Journal of Animal Science and Biotechnology/Journal of animal science and biotechnology,231,0.0735930735930736,0.2987012987012987,0.30303030303030304
Journal of Functional Biomaterials,231,0.0,0.008658008658008658,0.008658008658008658
Human Vaccines & Immunotherapeutics,230,0.008695652173913044,0.043478260869565216,0.043478260869565216
Journal of Applied Clinical Medical Physics,229,0.013100436681222707,0.013100436681222707,0.013100436681222707
Pilot and Feasibility Studies,227,0.004405286343612335,0.1013215859030837,0.1013215859030837
npj Biofilms and Microbiomes,225,0.09777777777777778,0.6577777777777778,0.6577777777777778
Cancer Imaging,225,0.0044444444444444444,0.017777777777777778,0.017777777777777778
Journal of Cheminformatics,223,0.11210762331838565,0.25112107623318386,0.273542600896861
Open Research Europe,222,0.12162162162162163,0.38288288288288286,0.38288288288288286
AMB Express,222,0.16666666666666666,0.30180180180180183,0.3063063063063063
Chinese Medicine,221,0.03619909502262444,0.07239819004524888,0.07239819004524888
Pakistan Journal of Medical Sciences,221,0.0,0.004524886877828055,0.004524886877828055
Breast Cancer Research and Treatment,220,0.0,0.01818181818181818,0.01818181818181818
Experimental & Molecular Medicine,218,0.0963302752293578,0.25229357798165136,0.25229357798165136
Nutrition Journal,218,0.045871559633027525,0.17889908256880735,0.17889908256880735
Environmental Monitoring and Assessment,218,0.0,0.01834862385321101,0.01834862385321101
Frontiers in Cellular Neuroscience,217,0.10599078341013825,0.14746543778801843,0.14746543778801843
Reviews in Cardiovascular Medicine,216,0.046296296296296294,0.06944444444444445,0.06944444444444445
Human Brain Mapping,216,0.0787037037037037,0.2777777777777778,0.2824074074074074
G3 Genes Genomes Genetics,213,0.19718309859154928,0.647887323943662,0.647887323943662
Frontiers in Sociology,213,0.028169014084507043,0.10328638497652583,0.10328638497652583
Interdisciplinary CardioVascular and Thoracic Surgery,213,0.0,0.004694835680751174,0.004694835680751174
Frontiers in Digital Health,213,0.014084507042253521,0.09859154929577464,0.09859154929577464
Nursing Reports,213,0.0,0.018779342723004695,0.018779342723004695
British Journal of Cancer,209,0.05263157894736842,0.2727272727272727,0.2727272727272727
Health Research Policy and Systems,209,0.004784688995215311,0.019138755980861243,0.019138755980861243
Leukemia,208,0.04807692307692308,0.25961538461538464,0.2644230769230769
Genome Medicine,207,0.15942028985507245,0.7294685990338164,0.7391304347826086
Annals of Medicine,205,0.024390243902439025,0.07804878048780488,0.07804878048780488
Respirology Case Reports,204,0.004901960784313725,0.00980392156862745,0.00980392156862745
Diagnostic Pathology,204,0.024509803921568627,0.0196078431372549,0.024509803921568627
PLoS Medicine,203,0.11330049261083744,0.19704433497536947,0.28078817733990147
Membranes,203,0.0049261083743842365,0.034482758620689655,0.034482758620689655
MedComm,203,0.04433497536945813,0.1625615763546798,0.16748768472906403
Pediatric Research,201,0.009950248756218905,0.04477611940298507,0.04477611940298507
Child and Adolescent Psychiatry and Mental Health,201,0.01990049751243781,0.07960199004975124,0.07960199004975124
EP Europace,201,0.004975124378109453,0.01990049751243781,0.024875621890547265
Chemistry - A European Journal,201,0.1044776119402985,0.21890547263681592,0.21890547263681592
BMC Pharmacology and Toxicology,201,0.01990049751243781,0.05970149253731343,0.06467661691542288
Infectious Diseases and Therapy,200,0.01,0.115,0.115
Cell Reports Medicine,200,0.625,0.62,0.655
Journal of Functional Morphology and Kinesiology,200,0.0,0.03,0.03
European Journal of Trauma and Emergency Surgery,200,0.0,0.03,0.03
Revista da Associação Médica Brasileira,199,0.0,0.005025125628140704,0.005025125628140704
BMC Ecology and Evolution,198,0.13131313131313133,0.43434343434343436,0.43434343434343436
Biotechnology for Biofuels and Bioproducts,198,0.13636363636363635,0.2222222222222222,0.2222222222222222
Microbial Ecology,198,0.35353535353535354,0.6515151515151515,0.6565656565656566
Biology Direct,198,0.0707070707070707,0.15656565656565657,0.16161616161616163
Molecular Biology and Evolution,197,0.18781725888324874,0.6192893401015228,0.6192893401015228
Journal of Patient-Reported Outcomes,197,0.02030456852791878,0.04060913705583756,0.04060913705583756
Acta Oncologica,196,0.00510204081632653,0.015306122448979591,0.015306122448979591
npj Systems Biology and Applications,194,0.04639175257731959,0.30412371134020616,0.31443298969072164
EJNMMI Research,193,0.0,0.031088082901554404,0.031088082901554404
Molecular Medicine Reports,192,0.041666666666666664,0.16666666666666666,0.16666666666666666
Diabetes Metabolic Syndrome and Obesity,192,0.010416666666666666,0.036458333333333336,0.041666666666666664
Journal of Cachexia Sarcopenia and Muscle,192,0.057291666666666664,0.11458333333333333,0.11979166666666667
Genome Biology and Evolution,191,0.225130890052356,0.6858638743455497,0.6910994764397905
Tropical Medicine and Infectious Disease,191,0.031413612565445025,0.06806282722513089,0.06806282722513089
European Journal of Nuclear Medicine and Molecular Imaging,191,0.005235602094240838,0.031413612565445025,0.031413612565445025
Thoracic Cancer,191,0.005235602094240838,0.05759162303664921,0.05759162303664921
Clinical and Translational Medicine,189,0.10052910052910052,0.24867724867724866,0.24867724867724866
Antimicrobial Resistance and Infection Control,189,0.06878306878306878,0.2222222222222222,0.2222222222222222
Schizophrenia,189,0.010582010582010581,0.13227513227513227,0.13227513227513227
Obesity Surgery,188,0.005319148936170213,0.026595744680851064,0.026595744680851064
npj Science of Food,188,0.03723404255319149,0.18085106382978725,0.18085106382978725
Clinical and Translational Science,188,0.005319148936170213,0.031914893617021274,0.031914893617021274
Cell & Bioscience,187,0.08021390374331551,0.22994652406417113,0.22994652406417113
European Radiology Experimental,187,0.0106951871657754,0.0427807486631016,0.0427807486631016
Diseases,186,0.0,0.016129032258064516,0.016129032258064516
Mitochondrial DNA Part B,186,0.43548387096774194,0.9731182795698925,0.9731182795698925
Communications Psychology,185,0.21621621621621623,0.7243243243243244,0.7243243243243244
Communications Engineering,184,0.010869565217391304,0.16304347826086957,0.16304347826086957
Protein Science,184,0.25,0.391304347826087,0.3967391304347826
Nature Genetics,184,0.16304347826086957,0.9456521739130435,0.9456521739130435
Cancer Science,183,0.04371584699453552,0.1092896174863388,0.11475409836065574
Public Health Nutrition,183,0.01639344262295082,0.0546448087431694,0.0546448087431694
BMC Medical Ethics,183,0.00546448087431694,0.04918032786885246,0.04918032786885246
Orthopaedic Surgery,182,0.0,0.005494505494505495,0.005494505494505495
Journal of Epidemiology and Global Health,182,0.02197802197802198,0.10989010989010989,0.10989010989010989
Reproductive Biology and Endocrinology,182,0.06593406593406594,0.11538461538461539,0.11538461538461539
Diabetologia,181,0.049723756906077346,0.16574585635359115,0.16574585635359115
Implementation Science Communications,181,0.0,0.11049723756906077,0.11049723756906077
Aging Cell,181,0.09392265193370165,0.3425414364640884,0.35359116022099446
Bioinformatics Advances,181,0.09392265193370165,0.292817679558011,0.292817679558011
Environmental Microbiome,180,0.32222222222222224,0.8888888888888888,0.8888888888888888
European Journal of Nutrition,178,0.02247191011235955,0.06741573033707865,0.06741573033707865
The Oncologist,178,0.0,0.011235955056179775,0.011235955056179775
Cell Biology and Toxicology,178,0.0898876404494382,0.17415730337078653,0.17415730337078653
eJHaem,177,0.0,0.03389830508474576,0.03389830508474576
Annals of Clinical and Translational Neurology,176,0.017045454545454544,0.056818181818181816,0.056818181818181816
Annals of Intensive Care,174,0.005747126436781609,0.028735632183908046,0.028735632183908046
Cellular & Molecular Biology Letters,173,0.09248554913294797,0.1791907514450867,0.1791907514450867
JCEM Case Reports,172,0.0,0.005813953488372093,0.005813953488372093
Scandinavian Journal of Trauma Resuscitation and Emergency Medicine,172,0.011627906976744186,0.05813953488372093,0.05813953488372093
International Journal of Behavioral Nutrition and Physical Activity,172,0.05232558139534884,0.20348837209302326,0.20348837209302326
Quality of Life Research,172,0.005813953488372093,0.03488372093023256,0.03488372093023256
Clinical Cosmetic and Investigational Dermatology,172,0.05813953488372093,0.0755813953488372,0.08139534883720931
ISME Communications,172,0.19186046511627908,0.813953488372093,0.813953488372093
Eye,171,0.0,0.011695906432748537,0.011695906432748537
Frontiers in Robotics and AI,171,0.017543859649122806,0.1111111111111111,0.1111111111111111
Diabetes Therapy,170,0.011764705882352941,0.029411764705882353,0.03529411764705882
Infection,168,0.05952380952380952,0.10714285714285714,0.10714285714285714
Frontiers in Global Women s Health,166,0.006024096385542169,0.12048192771084337,0.12048192771084337
Risk Management and Healthcare Policy,166,0.006024096385542169,0.030120481927710843,0.030120481927710843
Gut Microbes,165,0.11515151515151516,0.6,0.6
Journal of Neuro-Oncology,165,0.012121212121212121,0.048484848484848485,0.048484848484848485
Human Genomics,163,0.06748466257668712,0.2147239263803681,0.2147239263803681
The Egyptian Heart Journal,163,0.006134969325153374,0.018404907975460124,0.018404907975460124
Digital Health,162,0.012345679012345678,0.06790123456790123,0.06790123456790123
BJPsych Open,162,0.0,0.06172839506172839,0.06172839506172839
Acta Neuropathologica,162,0.09876543209876543,0.29012345679012347,0.2962962962962963
ZooKeys,161,0.2919254658385093,0.32298136645962733,0.32298136645962733
Hereditas,161,0.07453416149068323,0.17391304347826086,0.17391304347826086
JBMR Plus,161,0.012422360248447204,0.055900621118012424,0.055900621118012424
Endoscopy International Open,160,0.0,0.0,0.0
Haematologica,160,0.0125,0.09375,0.09375
BioMedical Engineering OnLine,160,0.00625,0.01875,0.01875
Frontiers in Molecular Neuroscience,159,0.1949685534591195,0.25157232704402516,0.25157232704402516
Tropical Medicine and Health,159,0.03773584905660377,0.05660377358490566,0.05660377358490566
EJNMMI Physics,157,0.006369426751592357,0.03184713375796178,0.03184713375796178
European Journal of Investigation in Health Psychology and Education,155,0.0064516129032258064,0.05806451612903226,0.05806451612903226
Orthopaedic Journal of Sports Medicine,154,0.0,0.0,0.0
Skin Research and Technology,154,0.01948051948051948,0.07142857142857142,0.07792207792207792
Nature Methods,154,0.15584415584415584,0.8181818181818182,0.8181818181818182
Journal of the Endocrine Society,153,0.0392156862745098,0.13725490196078433,0.13725490196078433
Psychological Medicine,153,0.0392156862745098,0.09803921568627451,0.09803921568627451
Journal of Rehabilitation Medicine,153,0.006535947712418301,0.032679738562091505,0.032679738562091505
Emerging Microbes & Infections,153,0.20261437908496732,0.3464052287581699,0.3464052287581699
Perioperative Medicine,152,0.0,0.006578947368421052,0.006578947368421052
Journal of Arrhythmia,152,0.006578947368421052,0.02631578947368421,0.02631578947368421
BMC Biotechnology,152,0.125,0.18421052631578946,0.18421052631578946
International Journal of Computer Assisted Radiology and Surgery,152,0.006578947368421052,0.013157894736842105,0.013157894736842105
Molecular Neurobiology,152,0.06578947368421052,0.125,0.125
The Journal of Infectious Diseases,152,0.07894736842105263,0.20394736842105263,0.20394736842105263
Journal of Cosmetic Dermatology,151,0.013245033112582781,0.026490066225165563,0.026490066225165563
International Journal of Women s Health,150,0.04,0.12666666666666668,0.13333333333333333
Nutrition & Metabolism,150,0.07333333333333333,0.17333333333333334,0.17333333333333334
Bioresources and Bioprocessing,149,0.06711409395973154,0.08053691275167785,0.087248322147651
Health Affairs Scholar,148,0.006756756756756757,0.013513513513513514,0.013513513513513514
Plant Biotechnology Journal,148,0.13513513513513514,0.3581081081081081,0.3581081081081081
Journal of Clinical and Translational Science,148,0.0,0.013513513513513514,0.013513513513513514
npj Breast Cancer,148,0.05405405405405406,0.21621621621621623,0.21621621621621623
Psychology Research and Behavior Management,147,0.0,0.02040816326530612,0.02040816326530612
Thrombosis Journal,147,0.034013605442176874,0.061224489795918366,0.061224489795918366
Health and Quality of Life Outcomes,146,0.0,0.06164383561643835,0.06164383561643835
Biomedical Reports,145,0.027586206896551724,0.1103448275862069,0.1103448275862069
BMC Genomic Data,144,0.24305555555555555,0.6875,0.6875
Lara D. Veeken,144,0.013888888888888888,0.034722222222222224,0.034722222222222224
Cancer Reports,144,0.006944444444444444,0.06944444444444445,0.06944444444444445
Fluids and Barriers of the CNS,143,0.03496503496503497,0.16783216783216784,0.16783216783216784
Pediatric Rheumatology,143,0.02097902097902098,0.06293706293706294,0.06293706293706294
Journal of International Medical Research,143,0.027972027972027972,0.06293706293706294,0.06293706293706294
Molecular Biology Reports,142,0.06338028169014084,0.14084507042253522,0.14084507042253522
Clinics in Orthopedic Surgery,142,0.007042253521126761,0.028169014084507043,0.028169014084507043
Laryngoscope Investigative Otolaryngology,142,0.0,0.007042253521126761,0.007042253521126761
Acta Obstetricia Et Gynecologica Scandinavica,141,0.0,0.02127659574468085,0.02127659574468085
Intensive Care Medicine Experimental,141,0.0070921985815602835,0.028368794326241134,0.028368794326241134
Parasitology Research,140,0.32857142857142857,0.42142857142857143,0.42142857142857143
Blood Cancer Journal,140,0.05,0.19285714285714287,0.19285714285714287
Oncogene,140,0.10714285714285714,0.4785714285714286,0.4785714285714286
AIDS Research and Therapy,140,0.0,0.05714285714285714,0.05714285714285714
Animal Microbiome,140,0.25,0.8071428571428572,0.8071428571428572
Nature Microbiology,140,0.21428571428571427,0.8214285714285714,0.85
SAGE Open Medical Case Reports,139,0.0,0.007194244604316547,0.007194244604316547
International Journal of Legal Medicine,139,0.0,0.02158273381294964,0.02158273381294964
Translational Animal Science,139,0.02158273381294964,0.02158273381294964,0.02877697841726619
Naunyn-Schmiedeberg s Archives of Pharmacology,139,0.007194244604316547,0.014388489208633094,0.014388489208633094
Addiction Science & Clinical Practice,139,0.007194244604316547,0.050359712230215826,0.050359712230215826
Journal of the American Chemical Society,138,0.021739130434782608,0.38405797101449274,0.38405797101449274
Archives of Toxicology,138,0.06521739130434782,0.12318840579710146,0.12318840579710146
Rheumatology International,137,0.0,0.014598540145985401,0.014598540145985401
AIDS and Behavior,137,0.0072992700729927005,0.10948905109489052,0.10948905109489052
Journal of Robotic Surgery,135,0.0,0.007407407407407408,0.007407407407407408
Veterinary Research Communications,135,0.16296296296296298,0.2,0.2
European Journal of Human Genetics,135,0.037037037037037035,0.15555555555555556,0.15555555555555556
Patient Preference and Adherence,134,0.0,0.014925373134328358,0.014925373134328358
Journal of Ethnobiology and Ethnomedicine,134,0.0,0.014925373134328358,0.014925373134328358
The Plant Cell,134,0.29850746268656714,0.34328358208955223,0.34328358208955223
Neurosurgical Review,134,0.007462686567164179,0.007462686567164179,0.007462686567164179
Neurology and Therapy,134,0.0,0.04477611940298507,0.04477611940298507
ACS Applied Materials & Interfaces,134,0.0,0.07462686567164178,0.07462686567164178
Neurological Sciences,134,0.007462686567164179,0.05223880597014925,0.05223880597014925
Nature Neuroscience,134,0.05970149253731343,0.7089552238805971,0.7089552238805971
Annals of Clinical Microbiology and Antimicrobials,133,0.12030075187969924,0.2857142857142857,0.2857142857142857
CVIR Endovascular,132,0.0,0.007575757575757576,0.007575757575757576
PLOS Digital Health,132,0.06818181818181818,0.25,0.25
Molecular Brain,132,0.022727272727272728,0.10606060606060606,0.10606060606060606
BDJ Open,131,0.0,0.030534351145038167,0.030534351145038167
Neuro-Oncology Advances,131,0.03816793893129771,0.09923664122137404,0.09923664122137404
Discover Mental Health,130,0.038461538461538464,0.06923076923076923,0.06923076923076923
Microbial Biotechnology,129,0.17829457364341086,0.21705426356589147,0.24806201550387597
The FASEB Journal,128,0.1015625,0.2578125,0.2578125
Clinics and Practice,128,0.0,0.0078125,0.0078125
International Journal of Retina and Vitreous,128,0.0,0.0,0.0
Immunity Inflammation and Disease,128,0.015625,0.0546875,0.0546875
Digestive Diseases and Sciences,127,0.0,0.03937007874015748,0.03937007874015748
European Journal of Applied Physiology,127,0.031496062992125984,0.047244094488188976,0.047244094488188976
BMC Rheumatology,127,0.031496062992125984,0.11023622047244094,0.11023622047244094
Nursing Open,127,0.007874015748031496,0.015748031496062992,0.015748031496062992
DEN Open,127,0.0,0.0,0.0
European Journal of Case Reports in Internal Medicine,127,0.0,0.015748031496062992,0.015748031496062992
Frontiers in Oral Health,127,0.007874015748031496,0.07086614173228346,0.07086614173228346
Archives of Sexual Behavior,126,0.07142857142857142,0.21428571428571427,0.21428571428571427
Frontiers in Rehabilitation Sciences,126,0.007936507936507936,0.07142857142857142,0.07142857142857142
Theoretical and Applied Genetics,126,0.12698412698412698,0.36507936507936506,0.373015873015873
Brain,126,0.015873015873015872,0.23015873015873015,0.23015873015873015
Biology of Sex Differences,125,0.08,0.216,0.216
European Journal of Public Health,125,0.048,0.128,0.128
Journal of Medical Internet Research,125,0.024,0.104,0.112
Graefe s Archive for Clinical and Experimental Ophthalmology,125,0.016,0.008,0.016
Revista Brasileira de Ortopedia,125,0.0,0.0,0.0
Bundesgesundheitsblatt - Gesundheitsforschung - Gesundheitsschutz,125,0.0,0.0,0.0
Environmental Health,124,0.04032258064516129,0.13709677419354838,0.13709677419354838
Frontiers in Health Services,124,0.008064516129032258,0.12903225806451613,0.12903225806451613
European journal of psychotraumatology,123,0.032520325203252036,0.17886178861788618,0.17886178861788618
Health Economics Review,123,0.0,0.04065040650406504,0.04065040650406504
Lasers in Medical Science,123,0.0,0.0,0.0
Journal of Experimental Orthopaedics,123,0.0,0.008130081300813009,0.008130081300813009
FEMS Microbiology Ecology,122,0.4262295081967213,0.7622950819672131,0.7704918032786885
Journal of Diabetes Investigation,121,0.03305785123966942,0.06611570247933884,0.06611570247933884
International Ophthalmology,121,0.0,0.01652892561983471,0.01652892561983471
Antimicrobial Stewardship & Healthcare Epidemiology,121,0.01652892561983471,0.049586776859504134,0.049586776859504134
Sports Medicine - Open,121,0.008264462809917356,0.09917355371900827,0.09917355371900827
Journal of Pharmaceutical Health Care and Sciences,121,0.0,0.008264462809917356,0.008264462809917356
Frontiers in Behavioral Neuroscience,121,0.05785123966942149,0.10743801652892562,0.10743801652892562
Movement Ecology,120,0.008333333333333333,0.3333333333333333,0.3333333333333333
European Journal of Clinical Microbiology & Infectious Diseases,120,0.10833333333333334,0.23333333333333334,0.23333333333333334
Pharmacy,120,0.0,0.05,0.05
Biological Research,120,0.10833333333333334,0.18333333333333332,0.18333333333333332
Infectious Diseases of Poverty,120,0.075,0.16666666666666666,0.16666666666666666
International Journal of COPD,119,0.06722689075630252,0.13445378151260504,0.15966386554621848
Journal of Gynecologic Oncology,119,0.0,0.01680672268907563,0.01680672268907563
Yonsei Medical Journal,119,0.01680672268907563,0.03361344537815126,0.04201680672268908
Tropical Animal Health and Production,119,0.01680672268907563,0.03361344537815126,0.03361344537815126
Animal Cognition,118,0.01694915254237288,0.2288135593220339,0.2288135593220339
Small,118,0.01694915254237288,0.025423728813559324,0.025423728813559324
Experimental Brain Research,117,0.06837606837606838,0.19658119658119658,0.19658119658119658
Small Science,117,0.02564102564102564,0.05982905982905983,0.06837606837606838
The Journal of Clinical Endocrinology & Metabolism,117,0.02564102564102564,0.23076923076923078,0.23076923076923078
npj Microgravity,117,0.042735042735042736,0.20512820512820512,0.21367521367521367
European Journal of Sport Science,117,0.03418803418803419,0.05128205128205128,0.05128205128205128
The International Journal of Cardiovascular Imaging,117,0.0,0.0,0.0
Archives of Dermatological Research,116,0.017241379310344827,0.05172413793103448,0.05172413793103448
Journal of Materials Science Materials in Medicine,116,0.0,0.008620689655172414,0.008620689655172414
Oxford Medical Case Reports,116,0.0,0.008620689655172414,0.008620689655172414
Clinical Rheumatology,116,0.02586206896551724,0.05172413793103448,0.05172413793103448
Asian Journal of Neurosurgery,115,0.0,0.0,0.0
Research Involvement and Engagement,115,0.0,0.008695652173913044,0.008695652173913044
Epidemiology and Infection,115,0.05217391304347826,0.1391304347826087,0.1391304347826087
Journal of Animal Science,115,0.043478260869565216,0.06086956521739131,0.06086956521739131
Rheumatology and Therapy,115,0.008695652173913044,0.017391304347826087,0.017391304347826087
Epilepsia Open,115,0.008695652173913044,0.043478260869565216,0.043478260869565216
Neuropsychopharmacology,115,0.034782608695652174,0.17391304347826086,0.1826086956521739
Rice,115,0.13043478260869565,0.3217391304347826,0.3217391304347826
BMC Immunology,114,0.07894736842105263,0.16666666666666666,0.16666666666666666
Journal of Biomedical Science,114,0.08771929824561403,0.2543859649122807,0.2543859649122807
Journal of General Internal Medicine,114,0.0,0.043859649122807015,0.043859649122807015
Pediatric Surgery International,114,0.0,0.0,0.0
Bulletin of Mathematical Biology,113,0.017699115044247787,0.061946902654867256,0.061946902654867256
BJS Open,113,0.0,0.02654867256637168,0.02654867256637168
Advances in Medical Education and Practice,113,0.0,0.017699115044247787,0.017699115044247787
AMBIO,113,0.008849557522123894,0.07079646017699115,0.07079646017699115
Cell Discovery,112,0.044642857142857144,0.6071428571428571,0.6071428571428571
Journal of Biological Engineering,112,0.044642857142857144,0.11607142857142858,0.11607142857142858
Environmental Microbiology Reports,112,0.30357142857142855,0.6696428571428571,0.6875
Cardio-Oncology,111,0.018018018018018018,0.036036036036036036,0.036036036036036036
International Breastfeeding Journal,111,0.0,0.05405405405405406,0.05405405405405406
European Heart Journal - Imaging Methods and Practice,110,0.0,0.00909090909090909,0.00909090909090909
Annals of Biomedical Engineering,110,0.01818181818181818,0.07272727272727272,0.07272727272727272
Animal Bioscience,110,0.03636363636363636,0.12727272727272726,0.12727272727272726
Molecular Neurodegeneration,110,0.06363636363636363,0.3090909090909091,0.3090909090909091
Alzheimer s & Dementia Diagnosis Assessment & Disease Monitoring,109,0.01834862385321101,0.027522935779816515,0.03669724770642202
Frontiers in Pain Research,109,0.009174311926605505,0.027522935779816515,0.027522935779816515
Nature Structural & Molecular Biology,109,0.14678899082568808,0.944954128440367,0.944954128440367
Biodiversity Data Journal,109,0.26605504587155965,0.30275229357798167,0.3119266055045872
EJNMMI Radiopharmacy and Chemistry,109,0.0,0.01834862385321101,0.01834862385321101
European Journal of Orthopaedic Surgery & Traumatology,109,0.0,0.0,0.0
International Journal of Obesity,109,0.0,0.09174311926605505,0.09174311926605505
Bone Research,108,0.10185185185185185,0.2777777777777778,0.2777777777777778
NAR Genomics and Bioinformatics,108,0.2222222222222222,0.7685185185185185,0.7685185185185185
Journal of Imaging Informatics in Medicine,108,0.018518518518518517,0.046296296296296294,0.046296296296296294
Journal of Clinical Neurology,108,0.0,0.027777777777777776,0.027777777777777776
JMIR Research Protocols,107,0.009345794392523364,0.14953271028037382,0.14953271028037382
Pediatric Nephrology,107,0.0,0.018691588785046728,0.018691588785046728
npj Genomic Medicine,107,0.07476635514018691,0.3364485981308411,0.34579439252336447
Journal of Endocrinological Investigation,107,0.009345794392523364,0.028037383177570093,0.028037383177570093
International Orthopaedics,107,0.0,0.009345794392523364,0.009345794392523364
Cognitive Research Principles and Implications,106,0.3490566037735849,0.6698113207547169,0.6698113207547169
Clinical Infectious Diseases,106,0.018867924528301886,0.20754716981132076,0.20754716981132076
Journal of the International AIDS Society,106,0.009433962264150943,0.08490566037735849,0.08490566037735849
npj Science of Learning,106,0.11320754716981132,0.4528301886792453,0.4528301886792453
Nature and Science of Sleep,106,0.0660377358490566,0.08490566037735849,0.09433962264150944
Endocrine,106,0.0,0.009433962264150943,0.009433962264150943
European Child & Adolescent Psychiatry,106,0.04716981132075472,0.0660377358490566,0.08490566037735849
Frontiers in Neurorobotics,105,0.01904761904761905,0.05714285714285714,0.05714285714285714
Cadernos de Saúde Pública,105,0.0,0.0,0.0
Japanese Journal of Radiology,105,0.0,0.009523809523809525,0.009523809523809525
Beilstein Journal of Organic Chemistry,105,0.09523809523809523,0.14285714285714285,0.14285714285714285
Geriatrics,104,0.009615384615384616,0.019230769230769232,0.019230769230769232
Genetics Selection Evolution,104,0.0673076923076923,0.22115384615384615,0.22115384615384615
Neuropsychiatric Disease and Treatment,104,0.0,0.038461538461538464,0.038461538461538464
Aesthetic Plastic Surgery,104,0.0,0.0,0.0
CPT Pharmacometrics & Systems Pharmacology,104,0.009615384615384616,0.028846153846153848,0.028846153846153848
Journal of Clinical Immunology,104,0.038461538461538464,0.11538461538461539,0.11538461538461539
Journal of Hepatocellular Carcinoma,103,0.009708737864077669,0.038834951456310676,0.038834951456310676
Journal of Assisted Reproduction and Genetics,103,0.0,0.06796116504854369,0.06796116504854369
JAC-Antimicrobial Resistance,103,0.04854368932038835,0.1262135922330097,0.1262135922330097
Gut Pathogens,103,0.18446601941747573,0.44660194174757284,0.44660194174757284
Journal of Experimental Botany,103,0.1262135922330097,0.3786407766990291,0.3786407766990291
Regenerative Biomaterials,103,0.0,0.0,0.0
Medical Science Educator,102,0.0196078431372549,0.049019607843137254,0.049019607843137254
Head & Face Medicine,102,0.00980392156862745,0.00980392156862745,0.00980392156862745
Psychiatry Investigation,102,0.00980392156862745,0.0392156862745098,0.0392156862745098
Journal of the American College of Emergency Physicians Open,102,0.0,0.0,0.0
BJC Reports,102,0.0,0.10784313725490197,0.10784313725490197
Journal of Ophthalmic Inflammation and Infection,101,0.009900990099009901,0.019801980198019802,0.019801980198019802
HemaSphere,101,0.039603960396039604,0.13861386138613863,0.1485148514851485
European Heart Journal,101,0.0,0.019801980198019802,0.019801980198019802
Indian journal of radiology and imaging - new series/Indian journal of radiology and imaging/Indian Journal of Radiology & Imaging,101,0.0,0.0,0.0
Pain and Therapy,101,0.0,0.0297029702970297,0.0297029702970297
JGH Open,101,0.0,0.039603960396039604,0.039603960396039604
Israel Journal of Health Policy Research,100,0.0,0.03,0.03
Attention Perception & Psychophysics,100,0.27,0.69,0.69
Tomography,100,0.0,0.02,0.02
Nature Cell Biology,99,0.1414141414141414,0.797979797979798,0.797979797979798
Cost Effectiveness and Resource Allocation,99,0.010101010101010102,0.08080808080808081,0.08080808080808081
Open Medicine,99,0.04040404040404041,0.06060606060606061,0.06060606060606061
Molecular Genetics & Genomic Medicine,98,0.030612244897959183,0.08163265306122448,0.08163265306122448
Techniques in Coloproctology,98,0.0,0.01020408163265306,0.01020408163265306
Globalization and Health,98,0.0,0.10204081632653061,0.10204081632653061
Journal of the Korean Society of Radiology,98,0.0,0.0,0.0
Frontiers in Computational Neuroscience,98,0.04081632653061224,0.11224489795918367,0.11224489795918367
Injury Epidemiology,98,0.0,0.20408163265306123,0.20408163265306123
Journal of Antimicrobial Chemotherapy,98,0.14285714285714285,0.17346938775510204,0.17346938775510204
International Medical Case Reports Journal,98,0.0,0.0,0.0
Nutrition and Diabetes,97,0.05154639175257732,0.13402061855670103,0.13402061855670103
Child s Nervous System,97,0.0,0.0,0.0
Contraception and Reproductive Medicine,97,0.0,0.061855670103092786,0.061855670103092786
European Journal of Dentistry,97,0.0,0.010309278350515464,0.010309278350515464
Microchimica Acta,96,0.0,0.010416666666666666,0.010416666666666666
Genetics,96,0.11458333333333333,0.5208333333333334,0.5208333333333334
ChemSusChem,96,0.010416666666666666,0.0625,0.0625
Evolutionary Applications,96,0.09375,0.6458333333333334,0.65625
Journal of Veterinary Science,96,0.09375,0.10416666666666667,0.10416666666666667
European Journal of Epidemiology,96,0.052083333333333336,0.15625,0.15625
Communications Earth & Environment,96,0.041666666666666664,0.4583333333333333,0.4583333333333333
Psychological Research,96,0.375,0.6666666666666666,0.6666666666666666
Oecologia,96,0.041666666666666664,0.3541666666666667,0.3645833333333333
Systematic Reviews,95,0.042105263157894736,0.09473684210526316,0.09473684210526316
Sleep And Breathing,95,0.0,0.031578947368421054,0.031578947368421054
Pulmonary Circulation,95,0.010526315789473684,0.031578947368421054,0.031578947368421054
Annals of Surgical Treatment and Research,95,0.0,0.0,0.0
Eating and Weight Disorders - Studies on Anorexia Bulimia and Obesity,94,0.02127659574468085,0.07446808510638298,0.07446808510638298
Hernia,94,0.0,0.010638297872340425,0.010638297872340425
Parasitology,94,0.32978723404255317,0.48936170212765956,0.5
Pharmacology Research & Perspectives,94,0.0,0.031914893617021274,0.031914893617021274
BMC Neuroscience,94,0.031914893617021274,0.1276595744680851,0.1276595744680851
Frontiers in Allergy,93,0.010752688172043012,0.08602150537634409,0.08602150537634409
Biomarker Research,93,0.15053763440860216,0.2903225806451613,0.2903225806451613
BioData Mining,93,0.06451612903225806,0.21505376344086022,0.22580645161290322
SAGE Open Medicine,92,0.010869565217391304,0.010869565217391304,0.010869565217391304
International Journal of Implant Dentistry,92,0.0,0.021739130434782608,0.021739130434782608
Skin Health and Disease,92,0.0,0.0,0.0
Environmental Management,92,0.021739130434782608,0.09782608695652174,0.09782608695652174
Immunity & Ageing,92,0.03260869565217391,0.14130434782608695,0.14130434782608695
Psychiatry and Clinical Neurosciences Reports,92,0.0,0.021739130434782608,0.021739130434782608
Advanced Healthcare Materials,92,0.021739130434782608,0.05434782608695652,0.05434782608695652
JAMA Network Open,91,0.0,0.0,0.0
Acta Odontologica Scandinavica,91,0.01098901098901099,0.04395604395604396,0.04395604395604396
Clinical and Experimental Dental Research,91,0.01098901098901099,0.02197802197802198,0.02197802197802198
Journal of Religion and Health,91,0.0,0.02197802197802198,0.02197802197802198
European Geriatric Medicine,91,0.0,0.03296703296703297,0.03296703296703297
Social Psychiatry and Psychiatric Epidemiology,91,0.0,0.054945054945054944,0.054945054945054944
Human Resources for Health,90,0.022222222222222223,0.03333333333333333,0.03333333333333333
Journal of Extracellular Vesicles,90,0.14444444444444443,0.2,0.2222222222222222
Hypertension Research,90,0.011111111111111112,0.022222222222222223,0.022222222222222223
npj Viruses,89,0.19101123595505617,0.4157303370786517,0.4157303370786517
JMIR Formative Research,89,0.011235955056179775,0.1348314606741573,0.1348314606741573
JA Clinical Reports,89,0.0,0.0,0.0
Rheumatology Advances in Practice,89,0.0,0.0,0.0
Internal and Emergency Medicine,89,0.0,0.011235955056179775,0.011235955056179775
Irish Journal of Medical Science (1971 -),89,0.0,0.06741573033707865,0.06741573033707865
Acute and Critical Care,88,0.0,0.06818181818181818,0.06818181818181818
Frontiers in Reproductive Health,88,0.0,0.1590909090909091,0.1590909090909091
Metabolomics,88,0.07954545454545454,0.29545454545454547,0.29545454545454547
Journal of Neurodevelopmental Disorders,88,0.011363636363636364,0.13636363636363635,0.13636363636363635
Cancer Management and Research,88,0.011363636363636364,0.011363636363636364,0.011363636363636364
Journal of Intelligence,88,0.056818181818181816,0.17045454545454544,0.17045454545454544
Age and Ageing,88,0.022727272727272728,0.056818181818181816,0.056818181818181816
ACR Open Rheumatology,87,0.022988505747126436,0.034482758620689655,0.04597701149425287
Acta veterinaria Scandinavica,87,0.08045977011494253,0.13793103448275862,0.13793103448275862
Porcine Health Management,87,0.05747126436781609,0.13793103448275862,0.13793103448275862
Methods and Protocols,86,0.011627906976744186,0.046511627906976744,0.046511627906976744
Clinical and Molecular Hepatology,86,0.023255813953488372,0.046511627906976744,0.046511627906976744
Open Life Sciences,86,0.046511627906976744,0.06976744186046512,0.06976744186046512
Molecular Oncology,86,0.06976744186046512,0.29069767441860467,0.29069767441860467
Cell Death and Differentiation,85,0.08235294117647059,0.4588235294117647,0.4588235294117647
Molecular Plant Pathology,85,0.1411764705882353,0.23529411764705882,0.2823529411764706
Infection Control and Hospital Epidemiology,85,0.011764705882352941,0.07058823529411765,0.07058823529411765
Experimental Hematology and Oncology,85,0.09411764705882353,0.23529411764705882,0.23529411764705882
Clinical Cardiology,85,0.011764705882352941,0.03529411764705882,0.03529411764705882
Clinical Proteomics,84,0.11904761904761904,0.42857142857142855,0.42857142857142855
British Journal Of Nutrition,84,0.011904761904761904,0.05952380952380952,0.05952380952380952
npj Aging,84,0.09523809523809523,0.20238095238095238,0.2261904761904762
Brain Structure and Function,84,0.09523809523809523,0.14285714285714285,0.14285714285714285
Reproductive Sciences,84,0.011904761904761904,0.09523809523809523,0.09523809523809523
Amino Acids,84,0.05952380952380952,0.10714285714285714,0.10714285714285714
Journal of Preventive Medicine and Public Health,84,0.011904761904761904,0.07142857142857142,0.07142857142857142
Journal of Insect Science,84,0.19047619047619047,0.25,0.2619047619047619
OTO Open,84,0.0,0.011904761904761904,0.011904761904761904
Archiv für Pathologische Anatomie und Physiologie und für Klinische Medicin,84,0.011904761904761904,0.023809523809523808,0.023809523809523808
PharmacoEconomics - Open,83,0.012048192771084338,0.03614457831325301,0.03614457831325301
Clinical Interventions in Aging,83,0.012048192771084338,0.024096385542168676,0.024096385542168676
La radiologia medica,83,0.0,0.0,0.0
Virus Evolution,83,0.3855421686746988,0.7228915662650602,0.7228915662650602
Natural Products and Bioprospecting,83,0.13253012048192772,0.13253012048192772,0.13253012048192772
Journal of Nephrology,83,0.0,0.012048192771084338,0.012048192771084338
Alzheimer s & Dementia Translational Research & Clinical Interventions,82,0.012195121951219513,0.07317073170731707,0.07317073170731707
Advanced Materials,82,0.024390243902439025,0.07317073170731707,0.07317073170731707
Indian Journal of Plastic Surgery,82,0.0,0.012195121951219513,0.012195121951219513
Updates in Surgery,82,0.0,0.012195121951219513,0.012195121951219513
General Thoracic and Cardiovascular Surgery Cases,82,0.0,0.0,0.0
Ophthalmology Science,82,0.036585365853658534,0.036585365853658534,0.036585365853658534
Journal of Orthopaedics and Traumatology,82,0.0,0.0,0.0
Environmental Science & Technology,82,0.0975609756097561,0.14634146341463414,0.15853658536585366
Molecular Autism,82,0.08536585365853659,0.3170731707317073,0.3170731707317073
iMeta,81,0.012345679012345678,0.48148148148148145,0.49382716049382713
Pflügers Archiv - European Journal of Physiology,81,0.012345679012345678,0.024691358024691357,0.024691358024691357
Nature Ecology & Evolution,81,0.12345679012345678,0.7777777777777778,0.7901234567901234
Influenza and Other Respiratory Viruses,81,0.07407407407407407,0.16049382716049382,0.1728395061728395
Neuroradiology,81,0.0,0.0,0.0
Biological Trace Element Research,81,0.0,0.012345679012345678,0.012345679012345678
Drug Delivery and Translational Research,81,0.012345679012345678,0.012345679012345678,0.012345679012345678
Nature Chemistry,81,0.07407407407407407,0.6666666666666666,0.6666666666666666
Nature Immunology,81,0.12345679012345678,0.8518518518518519,0.8518518518518519
Bone Marrow Transplantation,81,0.012345679012345678,0.024691358024691357,0.024691358024691357
Health Policy and Planning,80,0.0,0.0,0.0
International Archives of Otorhinolaryngology,80,0.0,0.0,0.0
Frontiers in Aging,80,0.05,0.2125,0.2125
Biomolecules and Biomedicine,79,0.012658227848101266,0.17721518987341772,0.17721518987341772
Clinical Pharmacokinetics,79,0.012658227848101266,0.012658227848101266,0.012658227848101266
Implementation Science,79,0.02531645569620253,0.12658227848101267,0.12658227848101267
Neurology International,79,0.0,0.012658227848101266,0.012658227848101266
Nutrition Research and Practice,79,0.0,0.02531645569620253,0.02531645569620253
Journal of Xenobiotics,79,0.06329113924050633,0.12658227848101267,0.12658227848101267
Environmental Geochemistry and Health,79,0.0,0.012658227848101266,0.012658227848101266
Global Spine Journal,79,0.0,0.012658227848101266,0.012658227848101266
Drugs - Real World Outcomes,78,0.0,0.01282051282051282,0.01282051282051282
Dermatology Practical & Conceptual,78,0.02564102564102564,0.02564102564102564,0.02564102564102564
Oncology Reports,78,0.02564102564102564,0.1282051282051282,0.1282051282051282
Psychopharmacology,78,0.01282051282051282,0.0641025641025641,0.0641025641025641
Journal of Clinical Hypertension,78,0.02564102564102564,0.05128205128205128,0.05128205128205128
BMC Global and Public Health,78,0.038461538461538464,0.23076923076923078,0.23076923076923078
Journal of Mathematical Biology,77,0.025974025974025976,0.06493506493506493,0.06493506493506493
Acta Biochimica et Biophysica Sinica,77,0.06493506493506493,0.07792207792207792,0.07792207792207792
FEBS Open Bio,77,0.1038961038961039,0.23376623376623376,0.23376623376623376
International Journal of Oral Science,77,0.14285714285714285,0.2987012987012987,0.2987012987012987
European Heart Journal Open,77,0.0,0.03896103896103896,0.03896103896103896
Osteoporosis International,77,0.0,0.025974025974025976,0.025974025974025976
Health & Justice,77,0.0,0.012987012987012988,0.012987012987012988
Clinical & Translational Oncology,77,0.012987012987012988,0.06493506493506493,0.06493506493506493
Experimental Physiology,77,0.012987012987012988,0.06493506493506493,0.06493506493506493
Infectious Agents and Cancer,77,0.025974025974025976,0.12987012987012986,0.12987012987012986
npj Mental Health Research,77,0.05194805194805195,0.16883116883116883,0.16883116883116883
Global Change Biology,76,0.13157894736842105,0.8421052631578947,0.8421052631578947
Acta Parasitologica,76,0.14473684210526316,0.15789473684210525,0.17105263157894737
BMJ Open,76,0.013157894736842105,0.05263157894736842,0.05263157894736842
Frontiers in Bioinformatics,76,0.17105263157894737,0.34210526315789475,0.35526315789473684
Annals of General Psychiatry,76,0.013157894736842105,0.11842105263157894,0.11842105263157894
Calcified Tissue International,76,0.02631578947368421,0.05263157894736842,0.05263157894736842
Conflict and Health,76,0.0,0.17105263157894737,0.17105263157894737
International Urogynecology Journal,76,0.013157894736842105,0.013157894736842105,0.013157894736842105
The European Physical Journal C,76,0.013157894736842105,0.013157894736842105,0.02631578947368421
Advances in Simulation,75,0.013333333333333334,0.04,0.04
Medicine,75,0.02666666666666667,0.04,0.04
International Journal of Qualitative Studies on Health and Well-Being,75,0.0,0.0,0.0
Frontiers in Toxicology,75,0.04,0.2,0.2
Brazilian Oral Research,75,0.0,0.02666666666666667,0.02666666666666667
Addiction Biology,75,0.05333333333333334,0.16,0.16
International Journal of Molecular Medicine,75,0.04,0.25333333333333335,0.25333333333333335
International Journal of Clinical Oncology,74,0.0,0.0,0.0
PharmacoEconomics,74,0.02702702702702703,0.0945945945945946,0.0945945945945946
Infectious Disease Reports,74,0.04054054054054054,0.05405405405405406,0.05405405405405406
Poultry Science,74,0.12162162162162163,0.17567567567567569,0.17567567567567569
Radiology Case Reports,74,0.0,0.013513513513513514,0.013513513513513514
Molecular and Clinical Oncology,74,0.013513513513513514,0.05405405405405406,0.05405405405405406
Journal of Genetic Counseling,74,0.0,0.0,0.0
Psychonomic Bulletin & Review,74,0.40540540540540543,0.8243243243243243,0.8243243243243243
International Journal of Surgery Case Reports,74,0.0,0.06756756756756757,0.06756756756756757
PeerJ,74,0.10810810810810811,0.3108108108108108,0.3108108108108108
Nature Metabolism,73,0.0958904109589041,0.6712328767123288,0.6712328767123288
Innovation in Aging,73,0.0273972602739726,0.0547945205479452,0.0547945205479452
Frontiers in Big Data,73,0.1095890410958904,0.1780821917808219,0.1780821917808219
Arthroplasty,73,0.0,0.0410958904109589,0.0410958904109589
Neurological Research and Practice,73,0.0136986301369863,0.0136986301369863,0.0136986301369863
Neurochemical Research,73,0.0273972602739726,0.0547945205479452,0.0547945205479452
Nature Human Behaviour,73,0.2054794520547945,0.684931506849315,0.684931506849315
Audiology Research,73,0.0,0.0273972602739726,0.0273972602739726
Planta,73,0.136986301369863,0.2876712328767123,0.2876712328767123
Journal of Clinical Laboratory Analysis,72,0.041666666666666664,0.06944444444444445,0.06944444444444445
JNCI Cancer Spectrum,72,0.0,0.1388888888888889,0.1388888888888889
RSC Chemical Biology,72,0.20833333333333334,0.2222222222222222,0.2222222222222222
Drug Safety,72,0.027777777777777776,0.08333333333333333,0.08333333333333333
Neurospine,72,0.0,0.0,0.0
BJUI Compass,72,0.0,0.0,0.0
Maternal and Child Health Journal,72,0.0,0.05555555555555555,0.05555555555555555
Cancer Gene Therapy,72,0.08333333333333333,0.2777777777777778,0.2777777777777778
IJU Case Reports,72,0.0,0.0,0.0
Netherlands Heart Journal,72,0.0,0.0,0.0
JPGN Reports,71,0.0,0.0,0.0
Strahlentherapie und Onkologie,71,0.0,0.014084507042253521,0.014084507042253521
Cancer & Metabolism,70,0.07142857142857142,0.22857142857142856,0.22857142857142856
ChemistryOpen,70,0.04285714285714286,0.11428571428571428,0.12857142857142856
Allergy Asthma and Clinical Immunology,70,0.014285714285714285,0.02857142857142857,0.02857142857142857
Physical Chemistry Chemical Physics,70,0.18571428571428572,0.2,0.22857142857142856
European Heart Journal Supplements,70,0.0,0.0,0.0
Pediatric Reports,70,0.0,0.014285714285714285,0.014285714285714285
Medicine International,70,0.014285714285714285,0.02857142857142857,0.02857142857142857
INQUIRY The Journal of Health Care Organization Provision and Financing,70,0.014285714285714285,0.04285714285714286,0.04285714285714286
Biomechanics and Modeling in Mechanobiology,69,0.014492753623188406,0.07246376811594203,0.07246376811594203
Health Promotion International,69,0.014492753623188406,0.014492753623188406,0.014492753623188406
JACS Au,69,0.014492753623188406,0.13043478260869565,0.13043478260869565
Science Progress,69,0.028985507246376812,0.028985507246376812,0.028985507246376812
Clinical Research in Cardiology,68,0.0,0.014705882352941176,0.014705882352941176
Science and Engineering Ethics,68,0.029411764705882353,0.04411764705882353,0.04411764705882353
CardioVascular and Interventional Radiology,68,0.0,0.0,0.0
Nature Aging,68,0.1323529411764706,0.6911764705882353,0.7058823529411765
International Journal of Oncology,68,0.058823529411764705,0.20588235294117646,0.20588235294117646
Journal of Pharmaceutical Policy and Practice,68,0.0,0.014705882352941176,0.014705882352941176
Journal of the American Medical Informatics Association,68,0.0,0.058823529411764705,0.058823529411764705
Korean Circulation Journal,68,0.029411764705882353,0.029411764705882353,0.029411764705882353
Brazilian Journal of Medical and Biological Research,68,0.058823529411764705,0.04411764705882353,0.058823529411764705
Journal of Autism and Developmental Disorders,68,0.014705882352941176,0.07352941176470588,0.07352941176470588
Pharmaceutical Research,68,0.029411764705882353,0.11764705882352941,0.11764705882352941
Revista Brasileira de Enfermagem,68,0.0,0.14705882352941177,0.14705882352941177
Gastric Cancer,67,0.029850746268656716,0.08955223880597014,0.08955223880597014
Aesthetic Surgery Journal Open Forum,67,0.0,0.0,0.0
British journal of surgery,67,0.014925373134328358,0.029850746268656716,0.029850746268656716
JAMIA Open,67,0.029850746268656716,0.07462686567164178,0.07462686567164178
United European Gastroenterology Journal,67,0.014925373134328358,0.014925373134328358,0.014925373134328358
npj Regenerative Medicine,67,0.08955223880597014,0.4925373134328358,0.4925373134328358
Bioengineered,67,0.0,0.029850746268656716,0.029850746268656716
Journal of Asthma and Allergy,67,0.014925373134328358,0.014925373134328358,0.029850746268656716
International Journal of Neonatal Screening,67,0.0,0.014925373134328358,0.014925373134328358
Wiener klinische Wochenschrift,67,0.0,0.04477611940298507,0.04477611940298507
Sleep Science,67,0.0,0.029850746268656716,0.029850746268656716
Oncology and Therapy,67,0.014925373134328358,0.04477611940298507,0.05970149253731343
New Phytologist,66,0.12121212121212122,0.18181818181818182,0.30303030303030304
Substance Abuse Treatment Prevention and Policy,66,0.0,0.13636363636363635,0.13636363636363635
Journal of Chemical Ecology,66,0.10606060606060606,0.24242424242424243,0.24242424242424243
Cell Proliferation,66,0.06060606060606061,0.25757575757575757,0.25757575757575757
Statistics in Medicine,66,0.0,0.045454545454545456,0.045454545454545456
Plant Direct,66,0.12121212121212122,0.2878787878787879,0.2878787878787879
World Journal of Microbiology and Biotechnology,66,0.25757575757575757,0.3787878787878788,0.3787878787878788
The Clinical Respiratory Journal,66,0.06060606060606061,0.10606060606060606,0.10606060606060606
European Journal of Ageing,66,0.045454545454545456,0.13636363636363635,0.15151515151515152
Community Mental Health Journal,66,0.0,0.0,0.0
Global Health Research and Policy,66,0.030303030303030304,0.09090909090909091,0.09090909090909091
3D Printing in Medicine,66,0.015151515151515152,0.030303030303030304,0.030303030303030304
Frontiers in Ophthalmology,66,0.015151515151515152,0.045454545454545456,0.045454545454545456
Annals of Dermatology,65,0.015384615384615385,0.03076923076923077,0.03076923076923077
Investigative and Clinical Urology,65,0.0,0.03076923076923077,0.03076923076923077
Maternal and Child Nutrition,65,0.0,0.015384615384615385,0.015384615384615385
Abdominal Radiology,65,0.0,0.015384615384615385,0.015384615384615385
Plant Signaling & Behavior,65,0.06153846153846154,0.15384615384615385,0.15384615384615385
Biology Methods and Protocols,65,0.07692307692307693,0.18461538461538463,0.18461538461538463
Memory & Cognition,65,0.36923076923076925,0.8153846153846154,0.8153846153846154
Current Microbiology,65,0.4153846153846154,0.5538461538461539,0.5538461538461539
Therapeutic Innovation & Regulatory Science,65,0.0,0.0,0.0
PhytoKeys,65,0.26153846153846155,0.3230769230769231,0.3230769230769231
Journal of Intensive Care,64,0.015625,0.0625,0.0625
Journal of Radiation Research,64,0.015625,0.03125,0.03125
European Heart Journal - Digital Health,64,0.015625,0.046875,0.046875
HNO,64,0.0,0.0,0.0
Cardiovascular Research,63,0.06349206349206349,0.2222222222222222,0.2222222222222222
Eye and Vision,63,0.015873015873015872,0.015873015873015872,0.015873015873015872
Journal of Primary Care & Community Health,63,0.015873015873015872,0.031746031746031744,0.031746031746031744
JMIR Public Health and Surveillance,63,0.0,0.14285714285714285,0.14285714285714285
Cell Reports Methods,63,0.7619047619047619,0.7619047619047619,0.7777777777777778
International Journal of Biometeorology,63,0.0,0.015873015873015872,0.015873015873015872
Journal of Perinatology,63,0.015873015873015872,0.07936507936507936,0.07936507936507936
Antibodies,63,0.07936507936507936,0.15873015873015872,0.15873015873015872
Korean Journal of Radiology,63,0.0,0.0,0.0
Journal of Cannabis Research,63,0.0,0.07936507936507936,0.07936507936507936
ACS Nano,62,0.0,0.06451612903225806,0.06451612903225806
Clinical Endoscopy,62,0.0,0.016129032258064516,0.016129032258064516
Pediatric Pulmonology,62,0.0,0.03225806451612903,0.03225806451612903
Archives of Medical Science,62,0.016129032258064516,0.0967741935483871,0.0967741935483871
Virulence,62,0.0967741935483871,0.45161290322580644,0.45161290322580644
International Journal of Reproductive BioMedicine (IJRM),62,0.016129032258064516,0.016129032258064516,0.016129032258064516
Stress Biology,62,0.06451612903225806,0.1935483870967742,0.1935483870967742
Archives of Osteoporosis,61,0.0,0.03278688524590164,0.03278688524590164
Nature Plants,61,0.13114754098360656,0.8524590163934426,0.8688524590163934
Social Cognitive and Affective Neuroscience,61,0.06557377049180328,0.32786885245901637,0.32786885245901637
EJNMMI Reports,61,0.0,0.0,0.0
The Ultrasound Journal,61,0.0,0.0,0.0
Breast Cancer,61,0.01639344262295082,0.06557377049180328,0.06557377049180328
mAbs,61,0.04918032786885246,0.09836065573770492,0.09836065573770492
Archives of Plastic Surgery,61,0.0,0.0,0.0
Acta Diabetologica,61,0.06557377049180328,0.08196721311475409,0.08196721311475409
Knee Surgery and Related Research,61,0.0,0.0,0.0
Communications in Mathematical Physics,60,0.0,0.0,0.0
Journal of Inflammation,60,0.016666666666666666,0.08333333333333333,0.08333333333333333
Human Genetics,60,0.15,0.2833333333333333,0.2833333333333333
The Cerebellum,60,0.0,0.06666666666666667,0.06666666666666667
MycoKeys,60,0.48333333333333334,0.5666666666666667,0.5666666666666667
International Journal of Clinical Pharmacy,60,0.0,0.0,0.0
Psicologia Reflexão e Crítica,60,0.06666666666666667,0.13333333333333333,0.13333333333333333
Medical Education Online,60,0.0,0.06666666666666667,0.06666666666666667
Plant Cell Reports,60,0.16666666666666666,0.31666666666666665,0.31666666666666665
Journal of Youth and Adolescence,59,0.15254237288135594,0.2542372881355932,0.2542372881355932
Surgical and Radiologic Anatomy,59,0.0,0.0,0.0
Research on Child and Adolescent Psychopathology,59,0.0847457627118644,0.1016949152542373,0.1016949152542373
Cambridge Prisms Global Mental Health,59,0.0,0.01694915254237288,0.01694915254237288
Proceedings of the National Academy of Sciences,59,0.0847457627118644,0.4406779661016949,0.4406779661016949
Crohn s & Colitis 360,59,0.01694915254237288,0.01694915254237288,0.01694915254237288
European Psychiatry,59,0.01694915254237288,0.06779661016949153,0.06779661016949153
Journal of Nursing Management,59,0.0,0.0,0.0
Intensive Care Medicine,58,0.0,0.05172413793103448,0.05172413793103448
The Journal of Physical Chemistry Letters,58,0.017241379310344827,0.13793103448275862,0.15517241379310345
International Urology and Nephrology,58,0.017241379310344827,0.034482758620689655,0.034482758620689655
GeoHealth,58,0.0,0.22413793103448276,0.22413793103448276
Science and Technology of Advanced Materials,58,0.017241379310344827,0.017241379310344827,0.017241379310344827
Journal of Medical Virology,58,0.08620689655172414,0.15517241379310345,0.15517241379310345
PsyCh Journal,58,0.08620689655172414,0.1206896551724138,0.1206896551724138
The Journals of Gerontology Series A,58,0.05172413793103448,0.1206896551724138,0.1206896551724138
Narra J,58,0.0,0.20689655172413793,0.20689655172413793
Nature Nanotechnology,58,0.08620689655172414,0.46551724137931033,0.46551724137931033
Nature Materials,58,0.034482758620689655,0.27586206896551724,0.27586206896551724
MedEdPublish,58,0.06896551724137931,0.3275862068965517,0.3275862068965517
Particle and Fibre Toxicology,58,0.06896551724137931,0.1724137931034483,0.1724137931034483
European Journal of Cardio-Thoracic Surgery,58,0.0,0.0,0.0
Population Health Metrics,58,0.034482758620689655,0.15517241379310345,0.1724137931034483
Nicotine & Tobacco Research,58,0.034482758620689655,0.1896551724137931,0.1896551724137931
Skeletal Radiology,58,0.0,0.0,0.0
Revista da Escola de Enfermagem da USP,57,0.017543859649122806,0.03508771929824561,0.03508771929824561
Evolution Letters,57,0.12280701754385964,0.6666666666666666,0.6666666666666666
OncoImmunology,57,0.03508771929824561,0.08771929824561403,0.08771929824561403
Journal of Gastroenterology,57,0.017543859649122806,0.03508771929824561,0.03508771929824561
Journal of Urban Health,57,0.0,0.08771929824561403,0.08771929824561403
The Plant Journal,57,0.17543859649122806,0.5087719298245614,0.5263157894736842
Journal of Diabetes,57,0.017543859649122806,0.07017543859649122,0.07017543859649122
Stem Cell Reports,57,0.543859649122807,0.543859649122807,0.5614035087719298
Human Genome Variation,57,0.631578947368421,0.7719298245614035,0.8070175438596491
SLEEP Advances,56,0.03571428571428571,0.08928571428571429,0.08928571428571429
BDJ,56,0.0,0.017857142857142856,0.017857142857142856
Neuropsychopharmacology Reports,56,0.0,0.017857142857142856,0.017857142857142856
Pituitary,56,0.017857142857142856,0.017857142857142856,0.017857142857142856
Osong Public Health and Research Perspectives,56,0.017857142857142856,0.21428571428571427,0.21428571428571427
Journal of Hematology & Oncology,56,0.07142857142857142,0.21428571428571427,0.21428571428571427
Urolithiasis,56,0.0,0.0,0.0
npj Antimicrobials and Resistance,56,0.19642857142857142,0.6071428571428571,0.6071428571428571
SAGE Open Nursing,56,0.0,0.0,0.0
Cancer Biology & Therapy,56,0.0,0.08928571428571429,0.08928571428571429
Cellular and Molecular Neurobiology,56,0.05357142857142857,0.08928571428571429,0.10714285714285714
European Archives of Psychiatry and Clinical Neuroscience,56,0.03571428571428571,0.05357142857142857,0.07142857142857142
Analytical Chemistry,55,0.10909090909090909,0.14545454545454545,0.16363636363636364
Pharmacological Reports,55,0.03636363636363636,0.05454545454545454,0.07272727272727272
Indian Journal of Psychological Medicine,55,0.0,0.01818181818181818,0.01818181818181818
Therapeutics and Clinical Risk Management,55,0.0,0.01818181818181818,0.01818181818181818
World Journal of Emergency Surgery,55,0.0,0.01818181818181818,0.01818181818181818
Frontiers in Transplantation,55,0.0,0.09090909090909091,0.09090909090909091
Obstetrics & Gynecology Science,55,0.0,0.01818181818181818,0.01818181818181818
Epigenetics & Chromatin,55,0.14545454545454545,0.6545454545454545,0.6545454545454545
Joint Diseases and Related Surgery,55,0.0,0.01818181818181818,0.01818181818181818
The European Journal of Health Economics,55,0.0,0.01818181818181818,0.01818181818181818
Cerebral Cortex,55,0.21818181818181817,0.32727272727272727,0.32727272727272727
Chiropractic & Manual Therapies,55,0.0,0.05454545454545454,0.05454545454545454
Inorganic Chemistry,55,0.05454545454545454,0.509090909090909,0.509090909090909
Cancer,55,0.0,0.05454545454545454,0.05454545454545454
JOR Spine,55,0.05454545454545454,0.12727272727272726,0.14545454545454545
Progress in Orthodontics,55,0.0,0.05454545454545454,0.05454545454545454
Therapeutic Advances in Medical Oncology,55,0.01818181818181818,0.01818181818181818,0.01818181818181818
International Journal of Bipolar Disorders,55,0.0,0.0,0.0
Human Reproduction Open,55,0.01818181818181818,0.16363636363636364,0.16363636363636364
SLEEP,54,0.018518518518518517,0.12962962962962962,0.12962962962962962
npj Primary Care Respiratory Medicine,54,0.0,0.037037037037037035,0.037037037037037035
Medical Physics,54,0.037037037037037035,0.07407407407407407,0.07407407407407407
Journal of Bone and Mineral Research,54,0.07407407407407407,0.18518518518518517,0.18518518518518517
The Journal of Dermatology,54,0.0,0.018518518518518517,0.018518518518518517
Military Medical Research,54,0.037037037037037035,0.18518518518518517,0.18518518518518517
Pediatric Radiology,54,0.0,0.0,0.0
Journal of Anesthesia Analgesia and Critical Care,54,0.0,0.07407407407407407,0.07407407407407407
Molecular Imaging and Biology,54,0.018518518518518517,0.037037037037037035,0.037037037037037035
Patterns,54,0.5370370370370371,0.5925925925925926,0.5925925925925926
Arquivos de Neuro-Psiquiatria,54,0.0,0.018518518518518517,0.018518518518518517
Clinical and Experimental Nephrology,54,0.018518518518518517,0.018518518518518517,0.018518518518518517
American Journal of Epidemiology,54,0.037037037037037035,0.07407407407407407,0.07407407407407407
Animal Models and Experimental Medicine,53,0.03773584905660377,0.09433962264150944,0.09433962264150944
Journal of Occupational Medicine and Toxicology,53,0.0,0.05660377358490566,0.05660377358490566
Nano Convergence,53,0.0,0.018867924528301886,0.018867924528301886
International Journal of Hematology,53,0.018867924528301886,0.03773584905660377,0.03773584905660377
World Journal of Nuclear Medicine,53,0.0,0.0,0.0
OncoTargets and Therapy,53,0.05660377358490566,0.09433962264150944,0.11320754716981132
GigaScience,53,0.22641509433962265,0.7924528301886793,0.8113207547169812
Heredity,53,0.20754716981132076,0.6792452830188679,0.6792452830188679
Human Reproduction,53,0.0,0.018867924528301886,0.018867924528301886
Journal of Clinical Monitoring and Computing,53,0.0,0.0,0.0
Oncogenesis,53,0.05660377358490566,0.37735849056603776,0.37735849056603776
Molecular Biomedicine,53,0.09433962264150944,0.20754716981132076,0.20754716981132076
Technology in Cancer Research & Treatment,53,0.018867924528301886,0.07547169811320754,0.07547169811320754
Revista de Saúde Pública,53,0.0,0.05660377358490566,0.05660377358490566
Skeletal Muscle,52,0.07692307692307693,0.19230769230769232,0.19230769230769232
Lung,52,0.019230769230769232,0.057692307692307696,0.057692307692307696
Botanical studies,52,0.17307692307692307,0.2692307692307692,0.2692307692307692
Magnetic Resonance in Medicine,52,0.038461538461538464,0.1346153846153846,0.1346153846153846
Frontiers in Epidemiology,52,0.038461538461538464,0.17307692307692307,0.17307692307692307
Nature Cancer,52,0.1346153846153846,0.6538461538461539,0.7115384615384616
Frontiers in Child and Adolescent Psychiatry,52,0.019230769230769232,0.1346153846153846,0.1346153846153846
Polish Journal of Radiology,52,0.0,0.0,0.0
Revista do Instituto de Medicina Tropical de São Paulo,52,0.038461538461538464,0.07692307692307693,0.07692307692307693
Annals of Gastroenterological Surgery,52,0.0,0.019230769230769232,0.019230769230769232
Journal of Medical Education and Curricular Development,51,0.0196078431372549,0.0196078431372549,0.0196078431372549
Chinese Journal of Chromatography,51,0.0,0.0,0.0
Canadian Medical Education Journal,51,0.0,0.0,0.0
Current Zoology,51,0.13725490196078433,0.3137254901960784,0.3333333333333333
Blood Research,51,0.0196078431372549,0.0196078431372549,0.0196078431372549
Cancer Chemotherapy and Pharmacology,51,0.0,0.058823529411764705,0.058823529411764705
The Journal of Physiology,51,0.0392156862745098,0.1568627450980392,0.1568627450980392
Journal of Medical Systems,51,0.0392156862745098,0.09803921568627451,0.09803921568627451
Cognitive Affective & Behavioral Neuroscience,51,0.21568627450980393,0.5098039215686274,0.5098039215686274
Obesity Science & Practice,51,0.0392156862745098,0.0392156862745098,0.0392156862745098
Molecular Therapy — Nucleic Acids,51,0.09803921568627451,0.0784313725490196,0.09803921568627451
Conservation Physiology,51,0.0392156862745098,0.29411764705882354,0.29411764705882354
Medical Oncology,51,0.0392156862745098,0.09803921568627451,0.09803921568627451
International Journal of Epidemiology,51,0.058823529411764705,0.13725490196078433,0.13725490196078433
Functional & Integrative Genomics,51,0.17647058823529413,0.3333333333333333,0.3333333333333333
Geburtshilfe und Frauenheilkunde,51,0.0,0.0,0.0
JIMD Reports,50,0.0,0.04,0.04
Acta Epileptologica,50,0.02,0.06,0.06
Borderline Personality Disorder and Emotion Dysregulation,50,0.06,0.1,0.1
Archives of Virology,50,0.5,0.64,0.64
Imaging Science in Dentistry,50,0.0,0.02,0.02
Health Promotion Journal of Australia,50,0.0,0.02,0.02
Vavilov Journal of Genetics and Breeding,50,0.14,0.14,0.16
Molecular Ecology,50,0.26,0.82,0.84
Clinical and Experimental Pediatrics,50,0.0,0.04,0.04
Archives of Women s Mental Health,50,0.02,0.0,0.02
Cell Genomics,50,0.78,0.76,0.78
Frontiers in Neuroinformatics,50,0.14,0.24,0.24
Biomédica,50,0.0,0.04,0.04
The Journals of Gerontology Series B,50,0.04,0.12,0.12
Journal of Trauma and Injury,50,0.0,0.0,0.0
Carbon Balance and Management,50,0.06,0.12,0.12
Laboratory Animal Research,50,0.02,0.06,0.06
Nature Chemical Biology,50,0.16,0.82,0.82
Acute Medicine & Surgery,50,0.0,0.02,0.02
Journal of Extracellular Biology,50,0.12,0.12,0.2
