pmid,entity,entity_kind,text_source
38538625,Scientific Data,journal,md
39467117,Proceedings of the National Academy of Sciences,journal,xml
40215296,Science Advances,journal,xml
38791752,International Journal of Environmental Research and Public Health,journal,xml
38778011,Scientific Data,journal,md
38773126,Nature Communications,journal,md
39661682,Science Advances,journal,xml
38987602,Nature,journal,md
38493221,Scientific Data,journal,md
40492204,PeerJ,journal,xml
40386242,PeerJ,journal,xml
38426139,PeerJ,journal,xml
39636860,Proceedings of the National Academy of Sciences,journal,xml
39671498,Science Advances,journal,xml
39424797,Nature Communications,journal,md
39583043,Ecology and Evolution,journal,xml
40003364,International Journal of Environmental Research and Public Health,journal,md
40199932,Scientific Reports,journal,md
39048015,Nature,journal,md
40003409,International Journal of Environmental Research and Public Health,journal,xml
38352202,Ecology and Evolution,journal,md
39595727,International Journal of Environmental Research and Public Health,journal,xml
40003434,International Journal of Environmental Research and Public Health,journal,xml
40153504,Science Advances,journal,xml
40370343,Ecology and Evolution,journal,xml
38932948,Ecology and Evolution,journal,xml
39652755,Proceedings of the National Academy of Sciences,journal,xml
38181073,Science Advances,journal,md
39616184,Scientific Data,journal,md
39450155,Ecology and Evolution,journal,xml
38483991,Proceedings of the National Academy of Sciences,journal,xml
38760418,Scientific Data,journal,md
39908376,Science Advances,journal,xml
39630904,Science Advances,journal,xml
40057500,Scientific Data,journal,md
40034665,PeerJ,journal,xml
40124223,Ecology and Evolution,journal,xml
39595784,International Journal of Environmental Research and Public Health,journal,xml
38315867,Proceedings of the National Academy of Sciences,journal,xml
40108354,Scientific Reports,journal,md
40379663,Scientific Data,journal,md
39026542,PeerJ,journal,xml
38245553,Scientific Data,journal,md
38770122,Ecology and Evolution,journal,xml
39495929,Proceedings of the National Academy of Sciences,journal,xml
39355106,Ecology and Evolution,journal,xml
39813342,Science Advances,journal,xml
39669505,Ecology and Evolution,journal,xml
40397732,Science Advances,journal,xml
39391720,iScience,journal,xml
39893186,Scientific Data,journal,md
38466844,Proceedings of the National Academy of Sciences,journal,xml
38429500,Scientific Reports,journal,md
38658675,Scientific Data,journal,md
38170768,Science Advances,journal,md
38791755,International Journal of Environmental Research and Public Health,journal,xml
38724591,Scientific Data,journal,md
39709504,Scientific Data,journal,md
38924415,Science Advances,journal,xml
38563000,PeerJ,journal,xml
39191780,Scientific Data,journal,md
39443556,Scientific Reports,journal,md
38681185,Ecology and Evolution,journal,xml
39548058,Nature Communications,journal,md
38396146,Scientific Data,journal,md
39108863,Heliyon,journal,xml
38942892,Scientific Reports,journal,md
40247836,PeerJ,journal,xml
39457346,International Journal of Environmental Research and Public Health,journal,xml
39546597,Science Advances,journal,xml
40127271,Proceedings of the National Academy of Sciences,journal,xml
39078681,Proceedings of the National Academy of Sciences,journal,xml
39360125,Ecology and Evolution,journal,xml
38402264,Scientific Data,journal,md
39792680,Science Advances,journal,xml
39312660,Proceedings of the National Academy of Sciences,journal,xml
38412128,Proceedings of the National Academy of Sciences,journal,xml
38832045,PeerJ,journal,xml
38177140,Scientific Data,journal,md
40419541,Scientific Data,journal,md
39338043,International Journal of Environmental Research and Public Health,journal,xml
40238485,International Journal of Environmental Research and Public Health,journal,md
39386150,PubMed,journal,md
38609405,Scientific Data,journal,md
39958928,Frontiers in Microbiology,journal,xml
39346044,PeerJ,journal,xml
38990940,Proceedings of the National Academy of Sciences,journal,xml
38696469,Proceedings of the National Academy of Sciences,journal,xml
38950358,Proceedings of the National Academy of Sciences,journal,xml
38248526,International Journal of Environmental Research and Public Health,journal,md
40231073,PeerJ,journal,xml
39360126,Ecology and Evolution,journal,xml
38885385,Proceedings of the National Academy of Sciences,journal,xml
38252814,Proceedings of the National Academy of Sciences,journal,xml
40517157,Scientific Data,journal,md
40163726,Proceedings of the National Academy of Sciences,journal,xml
38315843,Proceedings of the National Academy of Sciences,journal,xml
40061236,PeerJ,journal,xml
38840587,Ecology and Evolution,journal,xml
39003341,Scientific Reports,journal,md
39700085,PLoS ONE,journal,md
39793052,Proceedings of the National Academy of Sciences,journal,xml
39908365,Science Advances,journal,xml
40121204,Scientific Data,journal,md
39905016,Scientific Data,journal,md
39241070,Science Advances,journal,xml
39799107,Scientific Data,journal,md
38874424,Advanced Science,journal,xml
40238277,International Journal of Environmental Research and Public Health,journal,md
39209861,Scientific Data,journal,md
39097645,Scientific Data,journal,md
38618561,PeerJ,journal,xml
39042696,Proceedings of the National Academy of Sciences,journal,xml
38879602,Nature Communications,journal,md
40463892,Ecology and Evolution,journal,md
38499581,Scientific Data,journal,md
38541375,International Journal of Environmental Research and Public Health,journal,md
39467121,Proceedings of the National Academy of Sciences,journal,xml
39897484,PeerJ,journal,xml
39484208,PeerJ,journal,xml
39372723,PeerJ,journal,xml
38437533,Proceedings of the National Academy of Sciences,journal,xml
40372439,Proceedings of the National Academy of Sciences,journal,xml
38673379,International Journal of Environmental Research and Public Health,journal,xml
38768351,Proceedings of the National Academy of Sciences,journal,xml
39145042,Ecology and Evolution,journal,xml
39198529,Scientific Reports,journal,md
38557173,Proceedings of the National Academy of Sciences,journal,xml
38553544,Scientific Data,journal,md
38791852,International Journal of Environmental Research and Public Health,journal,xml
40283776,International Journal of Environmental Research and Public Health,journal,xml
39095466,Scientific Data,journal,md
38412126,Proceedings of the National Academy of Sciences,journal,xml
39951531,Science Advances,journal,xml
38182574,Nature Communications,journal,md
38384829,Ecology and Evolution,journal,xml
40238435,International Journal of Environmental Research and Public Health,journal,md
39060425,Scientific Reports,journal,md
40184465,Science Advances,journal,xml
39301060,PeerJ,journal,xml
39823331,Science Advances,journal,xml
38285937,Proceedings of the National Academy of Sciences,journal,xml
39640562,PeerJ,journal,xml
38549781,PeerJ,journal,xml
39358374,Nature Communications,journal,md
40330098,Ecology and Evolution,journal,xml
39068189,Scientific Data,journal,md
40195327,Scientific Data,journal,md
39008662,Proceedings of the National Academy of Sciences,journal,xml
39338066,International Journal of Environmental Research and Public Health,journal,xml
39076780,PeerJ,journal,xml
40305618,Science Advances,journal,xml
40003466,International Journal of Environmental Research and Public Health,journal,xml
40299703,Proceedings of the National Academy of Sciences,journal,xml
38862479,Nature Communications,journal,md
39457258,International Journal of Environmental Research and Public Health,journal,xml
40003429,International Journal of Environmental Research and Public Health,journal,xml
39296734,Ecology and Evolution,journal,xml
39889000,Science Advances,journal,xml
39715763,Scientific Data,journal,md
39457360,International Journal of Environmental Research and Public Health,journal,xml
40544163,Scientific Data,journal,md
39467116,Proceedings of the National Academy of Sciences,journal,xml
39308812,PeerJ,journal,xml
40473677,Scientific Data,journal,md
39982990,Science Advances,journal,xml
39355116,Ecology and Evolution,journal,xml
38966246,Ecology and Evolution,journal,xml
38582793,Scientific Data,journal,md
39063496,International Journal of Environmental Research and Public Health,journal,xml
39290663,Ecology and Evolution,journal,xml
39270011,Science Advances,journal,xml
38875327,Science Advances,journal,md
39742494,Science Advances,journal,xml
39788931,Nature Communications,journal,md
38464752,PeerJ,journal,xml
39951525,Science Advances,journal,xml
39005882,Ecology and Evolution,journal,xml
39052838,Proceedings of the National Academy of Sciences,journal,xml
38680894,PeerJ,journal,xml
38195912,Scientific Reports,journal,md
39267693,Ecology and Evolution,journal,xml
38502689,Proceedings of the National Academy of Sciences,journal,xml
39421331,Ecology and Evolution,journal,xml
38719891,Scientific Data,journal,md
38719869,Scientific Data,journal,md
38848364,Science Advances,journal,md
40330104,Ecology and Evolution,journal,md
38632480,Nature,journal,md
38355745,Scientific Data,journal,md
38236733,Proceedings of the National Academy of Sciences,journal,xml
38507490,Science Advances,journal,md
40138406,Science Advances,journal,xml
40057550,Scientific Data,journal,md
39214994,Scientific Data,journal,md
39321285,Science Advances,journal,xml
38552024,Science Advances,journal,md
39294160,Scientific Data,journal,md
40333978,Science Advances,journal,xml
39548275,Communications Biology,journal,md
40312384,Nature Communications,journal,md
39398634,Ecology and Evolution,journal,xml
38892146,International Journal of Molecular Sciences,journal,md
39747195,Scientific Reports,journal,md
39475597,Science Advances,journal,xml
39595778,International Journal of Environmental Research and Public Health,journal,xml
40148331,Scientific Data,journal,md
40124611,PeerJ,journal,xml
39952954,Scientific Data,journal,md
38737741,PeerJ,journal,xml
38773083,Nature Communications,journal,md
40184177,Proceedings of the National Academy of Sciences,journal,xml
40203091,Science Advances,journal,xml
39063523,International Journal of Environmental Research and Public Health,journal,xml
38965366,Scientific Reports,journal,md
39652750,Proceedings of the National Academy of Sciences,journal,xml
38600132,Nature Communications,journal,md
40442083,Scientific Data,journal,md
38799391,Ecology and Evolution,journal,md
38248543,International Journal of Environmental Research and Public Health,journal,md
39955295,Scientific Reports,journal,md
39338144,International Journal of Environmental Research and Public Health,journal,xml
39041014,Ecology and Evolution,journal,xml
40229259,Nature Communications,journal,md
38706934,Ecology and Evolution,journal,xml
38560467,PeerJ,journal,xml
38605076,Scientific Reports,journal,md
39726752,PeerJ,journal,xml
38272940,Scientific Reports,journal,md
39161623,Ecology and Evolution,journal,xml
38959034,Proceedings of the National Academy of Sciences,journal,xml
40173235,Science Advances,journal,xml
40452933,PeerJ,journal,xml
39536077,Proceedings of the National Academy of Sciences,journal,xml
39467133,Proceedings of the National Academy of Sciences,journal,xml
40099213,Ecology and Evolution,journal,xml
38977678,Nature Communications,journal,md
40519887,Ecology and Evolution,journal,xml
40064916,Scientific Data,journal,md
38277447,Science Advances,journal,md
38190515,Proceedings of the National Academy of Sciences,journal,xml
40053589,Science Advances,journal,xml
38489389,Proceedings of the National Academy of Sciences,journal,xml
38909069,Scientific Data,journal,md
39680769,Proceedings of the National Academy of Sciences,journal,xml
40092899,Ecology and Evolution,journal,xml
38739795,Proceedings of the National Academy of Sciences,journal,xml
40404639,Nature Communications,journal,md
38799400,Ecology and Evolution,journal,xml
39200709,International Journal of Environmental Research and Public Health,journal,xml
40003540,International Journal of Environmental Research and Public Health,journal,xml
38983706,Ecology and Evolution,journal,xml
39138206,Scientific Data,journal,md
39141739,Science Advances,journal,xml
39257881,Ecology and Evolution,journal,xml
40127265,Proceedings of the National Academy of Sciences,journal,xml
39301294,Ecology and Evolution,journal,xml
39695252,Scientific Data,journal,md
38388559,Scientific Data,journal,md
39475617,Science Advances,journal,xml
38684006,Proceedings of the National Academy of Sciences,journal,xml
40532016,Science Advances,journal,xml
38263408,Nature Communications,journal,md
40416619,PeerJ,journal,xml
40249807,Science Advances,journal,xml
38498713,Proceedings of the National Academy of Sciences,journal,xml
38335283,Science Advances,journal,md
40035762,Proceedings of the National Academy of Sciences,journal,xml
38593077,Proceedings of the National Academy of Sciences,journal,xml
38442166,Proceedings of the National Academy of Sciences,journal,xml
38388522,Scientific Reports,journal,md
38252830,Proceedings of the National Academy of Sciences,journal,xml
40280936,Scientific Data,journal,md
38820146,Science Advances,journal,md
39316055,Proceedings of the National Academy of Sciences,journal,xml
39187534,Scientific Reports,journal,md
39767547,International Journal of Environmental Research and Public Health,journal,xml
38698927,Ecology and Evolution,journal,md
38416832,Science Advances,journal,xml
39872902,Ecology and Evolution,journal,xml
39259791,Science Advances,journal,xml
40008056,Ecology and Evolution,journal,xml
40028195,PeerJ,journal,xml
38495766,PeerJ,journal,xml
38371871,Ecology and Evolution,journal,md
39493620,Ecology and Evolution,journal,xml
39532896,Scientific Data,journal,md
39872028,PeerJ,journal,xml
38859887,Ecology and Evolution,journal,xml
40313384,PeerJ,journal,xml
39310729,Ecology and Evolution,journal,xml
39595769,International Journal of Environmental Research and Public Health,journal,xml
40085719,Science Advances,journal,xml
39224162,Ecology and Evolution,journal,xml
38531902,Nature Communications,journal,md
38170784,Science Advances,journal,md
38397648,International Journal of Environmental Research and Public Health,journal,md
40520645,PeerJ,journal,xml
40367186,Science Advances,journal,xml
40378216,Science Advances,journal,xml
40382363,Scientific Data,journal,md
38190537,Proceedings of the National Academy of Sciences,journal,xml
39619791,Ecology and Evolution,journal,xml
38500531,PeerJ,journal,xml
38744875,Nature Communications,journal,md
38743625,Proceedings of the National Academy of Sciences,journal,xml
39602263,Proceedings of the National Academy of Sciences,journal,xml
40043128,Science Advances,journal,xml
40153498,Science Advances,journal,xml
39652754,Proceedings of the National Academy of Sciences,journal,xml
39705308,Proceedings of the National Academy of Sciences,journal,xml
38436005,PeerJ,journal,xml
39595754,International Journal of Environmental Research and Public Health,journal,xml
38621118,Proceedings of the National Academy of Sciences,journal,xml
38870057,Proceedings of the National Academy of Sciences,journal,xml
38560451,PeerJ,journal,xml
39314839,PeerJ,journal,xml
40050317,Scientific Data,journal,md
39424833,Nature Communications,journal,md
39103380,Scientific Data,journal,md
40270794,Ecology and Evolution,journal,md
39767396,International Journal of Environmental Research and Public Health,journal,xml
40106543,Science Advances,journal,xml
38826160,Ecology and Evolution,journal,md
39857789,Biomedicines,journal,md
40267205,Science Advances,journal,xml
39041020,Ecology and Evolution,journal,xml
39181910,Scientific Data,journal,md
39940401,Nutrients,journal,xml
38227657,Proceedings of the National Academy of Sciences,journal,xml
38282868,PeerJ,journal,xml
39290662,Ecology and Evolution,journal,xml
38726378,PeerJ,journal,xml
40247828,PeerJ,journal,xml
39659730,Ecology and Evolution,journal,xml
39165543,Ecology and Evolution,journal,xml
39349446,Nature Communications,journal,md
39889002,Science Advances,journal,xml
39398629,Ecology and Evolution,journal,xml
39709502,Scientific Data,journal,md
39312680,Proceedings of the National Academy of Sciences,journal,xml
39643603,Nature Communications,journal,md
40234441,Nature Communications,journal,md
40009673,Science Advances,journal,xml
38413603,Nature Communications,journal,md
38560470,PeerJ,journal,xml
39432793,Proceedings of the National Academy of Sciences,journal,xml
39122772,Scientific Reports,journal,md
39264861,PLoS ONE,journal,md
39942680,Molecules,journal,xml
39352897,PLoS ONE,journal,md
40164648,Scientific Data,journal,md
39456921,International Journal of Molecular Sciences,journal,xml
39454011,Science Advances,journal,xml
38903143,Ecology and Evolution,journal,md
38673361,International Journal of Environmental Research and Public Health,journal,md
39514651,Science Advances,journal,xml
38436014,PeerJ,journal,xml
40301348,Scientific Data,journal,md
40003399,International Journal of Environmental Research and Public Health,journal,xml
38649723,Scientific Reports,journal,md
39131616,PeerJ,journal,xml
39553714,PeerJ,journal,xml
39172761,PLoS ONE,journal,md
38297013,Scientific Data,journal,md
38951502,Scientific Data,journal,md
39048683,Nature,journal,md
39556739,Proceedings of the National Academy of Sciences,journal,xml
39383234,Science Advances,journal,xml
39206455,Ecology and Evolution,journal,xml
40099215,Ecology and Evolution,journal,xml
39595723,International Journal of Environmental Research and Public Health,journal,xml
39689173,Proceedings of the National Academy of Sciences,journal,xml
38495760,PeerJ,journal,xml
38857406,Proceedings of the National Academy of Sciences,journal,xml
39970201,Science Advances,journal,xml
40215316,Science Advances,journal,xml
39595735,International Journal of Environmental Research and Public Health,journal,xml
40124622,PeerJ,journal,xml
38909077,Scientific Reports,journal,md
38818378,Frontiers in Pharmacology,journal,md
38248554,International Journal of Environmental Research and Public Health,journal,md
39805820,Nature Communications,journal,md
39247544,PeerJ,journal,xml
38267450,Scientific Data,journal,md
39263462,Ecology and Evolution,journal,xml
40512743,PLoS ONE,journal,md
39576351,Proceedings of the National Academy of Sciences,journal,xml
40203098,Science Advances,journal,xml
38774147,Ecology and Evolution,journal,xml
40009574,PLoS ONE,journal,md
38588432,Proceedings of the National Academy of Sciences,journal,xml
40427925,International Journal of Environmental Research and Public Health,journal,md
39880946,Nature,journal,md
40399465,Scientific Reports,journal,md
39063468,International Journal of Environmental Research and Public Health,journal,xml
39829557,ACS Omega,journal,xml
39680787,Proceedings of the National Academy of Sciences,journal,xml
39959831,PeerJ,journal,xml
39903110,Proceedings of the National Academy of Sciences,journal,xml
38724536,Scientific Data,journal,md
39139916,Ecology and Evolution,journal,xml
39896772,Ecology and Evolution,journal,xml
39899712,Proceedings of the National Academy of Sciences,journal,xml
38239300,PeerJ,journal,xml
40138427,Science Advances,journal,xml
38232172,Science Advances,journal,md
40283784,International Journal of Environmental Research and Public Health,journal,md
39730336,Scientific Data,journal,md
40389432,Nature Communications,journal,md
39042691,Proceedings of the National Academy of Sciences,journal,xml
39596260,International Journal of Molecular Sciences,journal,xml
38228621,Nature Communications,journal,md
38766489,PeerJ,journal,xml
38632480,National Aeronautics and Space Administration,funder,md
38436014,National Natural Science Foundation of China,funder,xml
38825789,Nederlandse Organisatie voor Wetenschappelijk Onderzoek,funder,md
39548058,Engineering and Physical Sciences Research Council,funder,md
39703692,Australian Research Council,funder,xml
38181731,European Commission,funder,md
40396925,Fundação para a Ciência e a Tecnologia,funder,xml
40256447,Agence Nationale de la Recherche,funder,xml
39214994,Natural Environment Research Council,funder,md
39281887,National Aeronautics and Space Administration,funder,md
38328565,European Regional Development Fund,funder,xml
39705308,National Institutes of Health,funder,xml
38701516,Engineering and Physical Sciences Research Council,funder,xml
38617802,Medical Research Council,funder,xml
38507490,Schweizerischer Nationalfonds zur Förderung der Wissenschaftlichen Forschung,funder,md
39671498,National Institute of General Medical Sciences,funder,xml
39467116,National Natural Science Foundation of China,funder,xml
39976449,Nederlandse Organisatie voor Wetenschappelijk Onderzoek,funder,xml
39992284,National Aeronautics and Space Administration,funder,xml
39952954,National Institutes of Health,funder,md
40379835,Nederlandse Organisatie voor Wetenschappelijk Onderzoek,funder,md
40003540,Coordenação de Aperfeiçoamento de Pessoal de Nível Superior,funder,xml
39116346,National Institute for Health and Care Research,funder,xml
39830270,European Regional Development Fund,funder,xml
39705308,National Cancer Institute,funder,xml
39097645,National Aeronautics and Space Administration,funder,md
39248308,Coordenação de Aperfeiçoamento de Pessoal de Nível Superior,funder,md
39880946,National Aeronautics and Space Administration,funder,md
38287368,Nederlandse Organisatie voor Wetenschappelijk Onderzoek,funder,md
40248973,Engineering and Physical Sciences Research Council,funder,xml
38271215,Bundesministerium für Bildung und Forschung,funder,xml
38744875,Chinese Academy of Sciences,funder,md
39536077,Biotechnology and Biological Sciences Research Council,funder,xml
39659730,National Natural Science Foundation of China,funder,xml
39281887,European Commission,funder,md
39281887,Schweizerischer Nationalfonds zur Förderung der Wissenschaftlichen Forschung,funder,md
38862479,National Aeronautics and Space Administration,funder,md
40078148,Wellcome Trust,funder,xml
39893186,Fundamental Research Funds for the Central Universities,funder,md
40003364,Conselho Nacional de Desenvolvimento Científico e Tecnológico,funder,md
40092899,China Scholarship Council,funder,xml
39048683,Natural Environment Research Council,funder,md
38965366,Japan Society for the Promotion of Science,funder,md
40238435,National Institute for Health and Care Research,funder,md
38440259,Engineering and Physical Sciences Research Council,funder,md
39869892,European Commission,funder,xml
38510104,Natural Environment Research Council,funder,xml
38263408,Wellcome Trust,funder,md
39573850,Deutsche Forschungsgemeinschaft,funder,xml
39005474,Bundesministerium für Bildung und Forschung,funder,xml
38910521,Nederlandse Organisatie voor Wetenschappelijk Onderzoek,funder,xml
38713426,Bundesministerium für Bildung und Forschung,funder,md
40547194,Nederlandse Organisatie voor Wetenschappelijk Onderzoek,funder,md
38228183,Medical Research Council,funder,xml
39248308,Fundamental Research Funds for the Central Universities,funder,md
38617802,Engineering and Physical Sciences Research Council,funder,xml
40415276,Nederlandse Organisatie voor Wetenschappelijk Onderzoek,funder,xml
39248308,National Science Council,funder,md
39048683,Conselho Nacional de Desenvolvimento Científico e Tecnológico,funder,md
38481855,Fundação para a Ciência e a Tecnologia,funder,xml
39630501,European Commission,funder,md
39553854,Engineering and Physical Sciences Research Council,funder,xml
39169967,Engineering and Physical Sciences Research Council,funder,xml
38773083,National Institutes of Health,funder,md
39035841,Conselho Nacional de Desenvolvimento Científico e Tecnológico,funder,xml
38593853,Natural Environment Research Council,funder,xml
40439603,Australian Research Council,funder,md
39576351,National Aeronautics and Space Administration,funder,xml
39103380,Natural Environment Research Council,funder,md
39030856,Nederlandse Organisatie voor Wetenschappelijk Onderzoek,funder,md
38397648,European Regional Development Fund,funder,md
39206455,Nederlandse Organisatie voor Wetenschappelijk Onderzoek,funder,xml
38993235,European Commission,funder,xml
39248308,Conselho Nacional de Desenvolvimento Científico e Tecnológico,funder,md
38696469,Office of Naval Research,funder,xml
39008662,National Key Research and Development Program of China,funder,xml
38412126,National Natural Science Foundation of China,funder,xml
40066727,Bundesministerium für Bildung und Forschung,funder,md
40034129,National Science Foundation,funder,xml
39693632,Bundesministerium für Bildung und Forschung,funder,xml
39911270,Fundação para a Ciência e a Tecnologia,funder,xml
40109538,National Institutes of Health,funder,xml
39239914,Bundesministerium für Bildung und Forschung,funder,xml
39638762,Fundação para a Ciência e a Tecnologia,funder,xml
38297013,European Commission,funder,md
39042691,Deutsche Forschungsgemeinschaft,funder,xml
39475597,European Commission,funder,xml
39717369,National Aeronautics and Space Administration,funder,md
38271522,Centre National de la Recherche Scientifique,funder,md
40054693,Wellcome Trust,funder,xml
38352202,Australian Research Council,funder,md
38228188,Australian Research Council,funder,xml
39671498,Biotechnology and Biological Sciences Research Council,funder,xml
39008662,European Commission,funder,xml
40261973,National Aeronautics and Space Administration,funder,xml
38976810,Bundesministerium für Bildung und Forschung,funder,xml
38649723,European Commission,funder,md
39830270,European Commission,funder,xml
40335465,Biotechnology and Biological Sciences Research Council,funder,xml
38232172,Canadian Institutes of Health Research,funder,md
39988434,Australian Research Council,funder,xml
39533056,Deutsche Forschungsgemeinschaft,funder,xml
39359457,Fundação para a Ciência e a Tecnologia,funder,xml
39345755,National Health and Medical Research Council,funder,xml
39836436,National Science Foundation,funder,xml
38990940,National Science Foundation,funder,xml
38342220,Fundação para a Ciência e a Tecnologia,funder,xml
38348327,European Commission,funder,xml
39041014,Natural Environment Research Council,funder,xml
39857789,European Commission,funder,md
38204792,Biotechnology and Biological Sciences Research Council,funder,xml
39386150,Agence Nationale de la Recherche,funder,md
39816735,Agence Nationale de la Recherche,funder,xml
39595754,National Science Foundation,funder,xml
39857789,Ministerio de Ciencia e Innovación,funder,md
39678357,National Aeronautics and Space Administration,funder,xml
40186769,European Commission,funder,md
40235033,National Institutes of Health,funder,xml
38531413,Australian Research Council,funder,xml
38196199,Bundesministerium für Bildung und Forschung,funder,md
38605106,Deutsche Forschungsgemeinschaft,funder,xml
38335283,Nederlandse Organisatie voor Wetenschappelijk Onderzoek,funder,md
39361747,National Natural Science Foundation of China,funder,md
40372439,National Science Foundation,funder,xml
39747195,Medical Research Council,funder,md
39025478,European Commission,funder,xml
39514651,Natural Environment Research Council,funder,xml
39022696,Fundação para a Ciência e a Tecnologia,funder,xml
39880946,Natural Environment Research Council,funder,md
39372908,Nederlandse Organisatie voor Wetenschappelijk Onderzoek,funder,md
39301060,National Natural Science Foundation of China,funder,xml
40214640,Biotechnology and Biological Sciences Research Council,funder,xml
38684006,National Science Foundation,funder,xml
39788931,Natural Environment Research Council,funder,md
39248308,Science and Technology Facilities Council,funder,md
38951502,U.S. Department of Agriculture,funder,md
39709502,Vetenskapsrådet,funder,md
39041020,Natural Sciences and Engineering Research Council of Canada,funder,xml
39880948,Vetenskapsrådet,funder,xml
39198529,European Commission,funder,md
39358374,European Commission,funder,md
38471550,Natural Environment Research Council,funder,xml
39122772,Fundação para a Ciência e a Tecnologia,funder,md
40087538,Fundação para a Ciência e a Tecnologia,funder,md
39715763,Chinese Academy of Sciences,funder,md
39624177,National Science Foundation,funder,md
39116346,Engineering and Physical Sciences Research Council,funder,xml
39548058,Deutsche Forschungsgemeinschaft,funder,md
38277447,National Science Foundation,funder,md
39336645,European Regional Development Fund,funder,xml
39068189,European Commission,funder,md
38864842,Engineering and Physical Sciences Research Council,funder,xml
39097645,Natural Sciences and Engineering Research Council of Canada,funder,md
38635353,Australian Research Council,funder,xml
39823331,National Institute for Health and Care Research,funder,xml
38605076,National Science Foundation,funder,md
39312445,National Institute for Health and Care Research,funder,xml
38976810,Engineering and Physical Sciences Research Council,funder,xml
38305939,National Health and Medical Research Council,funder,md
40034129,National Aeronautics and Space Administration,funder,xml
40093116,Biotechnology and Biological Sciences Research Council,funder,xml
38560451,National Natural Science Foundation of China,funder,xml
40078148,Engineering and Physical Sciences Research Council,funder,xml
39816735,Nederlandse Organisatie voor Wetenschappelijk Onderzoek,funder,xml
39952954,Medical Research Council,funder,md
39621546,National Institutes of Health,funder,xml
39264279,National Science Council,funder,xml
40064524,Nederlandse Organisatie voor Wetenschappelijk Onderzoek,funder,xml
39582584,National Aeronautics and Space Administration,funder,xml
39536058,Bundesministerium für Bildung und Forschung,funder,md
40352463,China Scholarship Council,funder,xml
39880946,National Science Foundation,funder,md
39187534,Fundação para a Ciência e a Tecnologia,funder,md
40476043,European Regional Development Fund,funder,xml
39133826,Engineering and Physical Sciences Research Council,funder,xml
40109538,Australian Research Council,funder,xml
39169965,Engineering and Physical Sciences Research Council,funder,xml
39074505,Ministerio de Ciencia e Innovación,funder,xml
38990940,Biotechnology and Biological Sciences Research Council,funder,xml
38840587,Biotechnology and Biological Sciences Research Council,funder,xml
40544163,U.S. Department of Energy,funder,md
39270011,Schweizerischer Nationalfonds zur Förderung der Wissenschaftlichen Forschung,funder,xml
38840587,Engineering and Physical Sciences Research Council,funder,xml
38531402,Natural Environment Research Council,funder,xml
40404639,Schweizerischer Nationalfonds zur Förderung der Wissenschaftlichen Forschung,funder,md
39717369,National Research Foundation,funder,md
38773083,National Science Foundation,funder,md
38245553,Australian Research Council,funder,md
40312384,Nederlandse Organisatie voor Wetenschappelijk Onderzoek,funder,md
40379835,European Commission,funder,md
38706934,Natural Environment Research Council,funder,xml
38531902,National Institutes of Health,funder,md
38795015,Fundação para a Ciência e a Tecnologia,funder,xml
39717369,Natural Environment Research Council,funder,md
39467116,National Science Foundation,funder,xml
39078681,National Institutes of Health,funder,xml
39281306,Fundação para a Ciência e a Tecnologia,funder,md
39052838,National Natural Science Foundation of China,funder,xml
39689173,Australian Research Council,funder,xml
39086824,Office of Naval Research,funder,xml
38617802,Australian Research Council,funder,xml
38864842,Biotechnology and Biological Sciences Research Council,funder,xml
40352462,Bundesministerium für Bildung und Forschung,funder,md
39248308,Fundação de Amparo à Pesquisa do Estado de São Paulo,funder,md
38768351,National Aeronautics and Space Administration,funder,xml
40234441,Deutsche Forschungsgemeinschaft,funder,md
40213040,Bundesministerium für Bildung und Forschung,funder,xml
38477558,European Regional Development Fund,funder,md
39475617,Nederlandse Organisatie voor Wetenschappelijk Onderzoek,funder,xml
40054693,Deutsche Forschungsgemeinschaft,funder,xml
39048015,National Science Foundation,funder,md
40099215,National Key Research and Development Program of China,funder,xml
39475207,European Regional Development Fund,funder,xml
40003429,National Institutes of Health,funder,xml
38170768,Wellcome Trust,funder,md
40404639,National Aeronautics and Space Administration,funder,md
39830270,Medical Research Council,funder,xml
40114700,Fundação para a Ciência e a Tecnologia,funder,md
38617999,Australian Research Council,funder,md
40475158,National Institute for Health and Care Research,funder,xml
39248308,"Department of Science and Technology, Ministry of Science and Technology, India",funder,md
39141739,Vetenskapsrådet,funder,xml
40235033,Australian Research Council,funder,xml
38440259,Natural Environment Research Council,funder,md
40540408,Australian Research Council,funder,xml
40008056,Japan Society for the Promotion of Science,funder,xml
39495929,European Commission,funder,xml
40033107,Engineering and Physical Sciences Research Council,funder,md
39344597,Engineering and Physical Sciences Research Council,funder,xml
39296874,Nederlandse Organisatie voor Wetenschappelijk Onderzoek,funder,xml
38870057,National Institutes of Health,funder,xml
38713426,Deutsche Forschungsgemeinschaft,funder,md
39659730,China Scholarship Council,funder,xml
40034129,National Institute of General Medical Sciences,funder,xml
39352897,National Aeronautics and Space Administration,funder,md
38768351,National Science Foundation,funder,xml
39424833,Fundação para a Ciência e a Tecnologia,funder,md
39880948,National Natural Science Foundation of China,funder,xml
39358374,Deutsche Forschungsgemeinschaft,funder,md
38380701,Agence Nationale de la Recherche,funder,md
39553868,Australian Research Council,funder,xml
38366928,Bundesministerium für Bildung und Forschung,funder,md
39650524,Fundação para a Ciência e a Tecnologia,funder,xml
39944375,Bundesministerium für Bildung und Forschung,funder,xml
40119174,European Commission,funder,xml
39451785,Nederlandse Organisatie voor Wetenschappelijk Onderzoek,funder,xml
39583330,National Aeronautics and Space Administration,funder,md
40256447,Engineering and Physical Sciences Research Council,funder,xml
39703692,National Aeronautics and Space Administration,funder,xml
39103380,Engineering and Physical Sciences Research Council,funder,md
38743625,National Cancer Institute,funder,xml
40138427,European Commission,funder,xml
40214640,National Institute for Health and Care Research,funder,xml
39316055,European Commission,funder,xml
40519887,Bundesministerium für Bildung und Forschung,funder,xml
38773927,Natural Environment Research Council,funder,xml
40093116,Engineering and Physical Sciences Research Council,funder,xml
39349446,Agence Nationale de la Recherche,funder,md
39503595,Science and Technology Facilities Council,funder,xml
38181731,National Institutes of Health,funder,md
39709504,"Ministry of Education, Culture, Sports, Science and Technology",funder,md
40404639,Russian Science Foundation,funder,md
38328565,Bundesministerium für Bildung und Forschung,funder,xml
40108354,Australian Research Council,funder,md
38277447,Natural Environment Research Council,funder,md
40229259,National Science Foundation,funder,md
38879602,Wellcome Trust,funder,md
39582584,National Natural Science Foundation of China,funder,xml
39793052,European Commission,funder,xml
38541375,China Scholarship Council,funder,md
39301294,Deutsche Forschungsgemeinschaft,funder,xml
39677981,Vetenskapsrådet,funder,xml
39257198,European Commission,funder,xml
39209861,National Natural Science Foundation of China,funder,md
39003341,National Aeronautics and Space Administration,funder,md
39926358,Bundesministerium für Bildung und Forschung,funder,xml
40389432,Engineering and Physical Sciences Research Council,funder,md
39475597,National Science Foundation,funder,xml
39475597,Schweizerischer Nationalfonds zur Förderung der Wissenschaftlichen Forschung,funder,xml
38263408,Engineering and Physical Sciences Research Council,funder,md
38388559,National Aeronautics and Space Administration,funder,md
38768351,Natural Sciences and Engineering Research Council of Canada,funder,xml
40045997,Fundação para a Ciência e a Tecnologia,funder,md
40003429,National Science Foundation,funder,xml
39312445,Medical Research Council,funder,xml
39896772,Biotechnology and Biological Sciences Research Council,funder,xml
40352463,European Commission,funder,xml
38413603,National Aeronautics and Space Administration,funder,md
39308812,National Natural Science Foundation of China,funder,xml
39532146,Natural Environment Research Council,funder,xml
40256447,European Commission,funder,xml
40229259,Deutsche Forschungsgemeinschaft,funder,md
40092899,National Science Foundation,funder,xml
40046429,Nederlandse Organisatie voor Wetenschappelijk Onderzoek,funder,md
39296874,European Commission,funder,xml
38879602,European Commission,funder,md
39536058,Deutsche Forschungsgemeinschaft,funder,md
40214640,Natural Environment Research Council,funder,xml
38909077,Bundesministerium für Bildung und Forschung,funder,md
38348327,Biotechnology and Biological Sciences Research Council,funder,xml
39903110,European Commission,funder,xml
40234441,European Commission,funder,md
40404639,National Research Foundation,funder,md
39074505,Science and Technology Facilities Council,funder,xml
40476043,Fundação para a Ciência e a Tecnologia,funder,xml
40235033,Schweizerischer Nationalfonds zur Förderung der Wissenschaftlichen Forschung,funder,xml
39988434,Medical Research Council,funder,xml
39619791,Centre National de la Recherche Scientifique,funder,xml
38618561,National Natural Science Foundation of China,funder,xml
38950358,European Commission,funder,xml
40035762,National Science Foundation,funder,xml
38170768,European Commission,funder,md
38380701,Natural Environment Research Council,funder,md
40151485,Engineering and Physical Sciences Research Council,funder,xml
39086824,Nederlandse Organisatie voor Wetenschappelijk Onderzoek,funder,xml
38773126,National Science Foundation,funder,md
39760305,Wellcome Trust,funder,xml
38628122,Australian Research Council,funder,xml
38271215,Engineering and Physical Sciences Research Council,funder,xml
39511301,National Cancer Institute,funder,md
39475207,Bundesministerium für Bildung und Forschung,funder,xml
38531405,Nederlandse Organisatie voor Wetenschappelijk Onderzoek,funder,xml
39533056,European Commission,funder,xml
38654743,Fundação para a Ciência e a Tecnologia,funder,xml
40425160,Nederlandse Organisatie voor Wetenschappelijk Onderzoek,funder,xml
39288817,Natural Environment Research Council,funder,xml
40191694,Nederlandse Organisatie voor Wetenschappelijk Onderzoek,funder,md
38186272,Australian Research Council,funder,xml
38680894,Medical Research Council,funder,xml
40444198,Bundesministerium für Bildung und Forschung,funder,xml
38784157,European Commission,funder,xml
39723171,European Commission,funder,xml
38632480,National Science Foundation,funder,md
39836436,National Aeronautics and Space Administration,funder,xml
38280188,Bundesministerium für Bildung und Forschung,funder,xml
40087538,European Commission,funder,md
39652754,National Aeronautics and Space Administration,funder,xml
39312680,Russian Foundation for Basic Research,funder,xml
38531902,Deutsche Forschungsgemeinschaft,funder,md
38719869,European Commission,funder,md
39942680,Fundação para a Ciência e a Tecnologia,funder,xml
38864842,Medical Research Council,funder,xml
39432793,National Science Foundation,funder,xml
40404639,Natural Sciences and Engineering Research Council of Canada,funder,md
38271215,Deutsche Forschungsgemeinschaft,funder,xml
39294160,European Regional Development Fund,funder,md
38272940,Bundesministerium für Bildung und Forschung,funder,md
39068189,Ministerio de Ciencia e Innovación,funder,md
38223231,Nederlandse Organisatie voor Wetenschappelijk Onderzoek,funder,xml
38204792,U.S. Department of Agriculture,funder,xml
39281887,National Science Foundation,funder,md
38621118,Australian Research Council,funder,xml
39680787,European Commission,funder,xml
39793052,Natural Environment Research Council,funder,xml
40237819,European Commission,funder,xml
39536077,Natural Environment Research Council,funder,xml
39336645,Fundação para a Ciência e a Tecnologia,funder,xml
38960860,Bundesministerium für Bildung und Forschung,funder,xml
39943745,Australian Research Council,funder,xml
38712033,Deutsche Forschungsgemeinschaft,funder,xml
39361747,National Aeronautics and Space Administration,funder,md
39191780,Natural Environment Research Council,funder,md
40519887,European Commission,funder,xml
38903732,Australian Research Council,funder,md
38268047,Fundação para a Ciência e a Tecnologia,funder,md
39600712,Natural Environment Research Council,funder,xml
40404639,Natural Environment Research Council,funder,md
39457360,National Institute of General Medical Sciences,funder,xml
39116608,National Institute for Health and Care Research,funder,xml
38489389,Japan Society for the Promotion of Science,funder,xml
40172555,Engineering and Physical Sciences Research Council,funder,xml
38245553,National Cancer Institute,funder,md
39498562,Natural Environment Research Council,funder,md
40034129,Bundesministerium für Bildung und Forschung,funder,xml
39119255,Nederlandse Organisatie voor Wetenschappelijk Onderzoek,funder,xml
39643603,Engineering and Physical Sciences Research Council,funder,md
40199932,National Science Foundation,funder,md
38649723,Deutsche Forschungsgemeinschaft,funder,md
39830270,Deutsche Forschungsgemeinschaft,funder,xml
40108573,Nederlandse Organisatie voor Wetenschappelijk Onderzoek,funder,xml
38977678,European Commission,funder,md
38547289,Fundação para a Ciência e a Tecnologia,funder,xml
39952954,Engineering and Physical Sciences Research Council,funder,md
38903143,Natural Environment Research Council,funder,md
39074505,National Science Foundation,funder,xml
39503595,Engineering and Physical Sciences Research Council,funder,xml
39596260,Australian Research Council,funder,xml
38456179,Natural Environment Research Council,funder,md
38673379,National Institute of General Medical Sciences,funder,xml
38605106,Bundesministerium für Bildung und Forschung,funder,xml
39248308,Deutsche Forschungsgemeinschaft,funder,md
40399465,Bundesministerium für Bildung und Forschung,funder,md
38437533,National Aeronautics and Space Administration,funder,xml
39747195,European Commission,funder,md
38196353,Australian Research Council,funder,xml
39424833,European Commission,funder,md
38744875,National Aeronautics and Space Administration,funder,md
40475158,Wellcome Trust,funder,xml
40346825,Nederlandse Organisatie voor Wetenschappelijk Onderzoek,funder,xml
38374414,Bundesministerium für Bildung und Forschung,funder,md
39992284,U.S. Department of Energy,funder,xml
38181731,Bundesministerium für Bildung und Forschung,funder,md
40475158,National Institutes of Health,funder,xml
39008662,Natural Environment Research Council,funder,xml
38799400,Bundesministerium für Bildung und Forschung,funder,xml
39301060,China Scholarship Council,funder,xml
40119174,Bundesministerium für Bildung und Forschung,funder,xml
38353893,Nederlandse Organisatie voor Wetenschappelijk Onderzoek,funder,md
39312445,Engineering and Physical Sciences Research Council,funder,xml
39239914,Deutsche Forschungsgemeinschaft,funder,xml
39533947,Agence Nationale de la Recherche,funder,xml
40034129,Biotechnology and Biological Sciences Research Council,funder,xml
40532016,National Cancer Institute,funder,xml
38271522,Bundesministerium für Bildung und Forschung,funder,md
38784157,European Regional Development Fund,funder,xml
38252814,National Cancer Institute,funder,xml
38909077,U.S. Department of Energy,funder,md
39830270,Nederlandse Organisatie voor Wetenschappelijk Onderzoek,funder,xml
39659755,Australian Research Council,funder,xml
38951502,National Aeronautics and Space Administration,funder,md
38784157,Fundação para a Ciência e a Tecnologia,funder,xml
38976810,Deutsche Forschungsgemeinschaft,funder,xml
39239357,National Aeronautics and Space Administration,funder,md
40064916,National Science Foundation,funder,md
39424833,Deutsche Forschungsgemeinschaft,funder,md
38384829,Natural Sciences and Engineering Research Council of Canada,funder,xml
40463892,National Science Foundation,funder,md
38724591,Deutsche Forschungsgemeinschaft,funder,md
38531402,European Commission,funder,xml
40404639,Fundação para a Ciência e a Tecnologia,funder,md
39661682,U.S. Department of Energy,funder,xml
39338043,Fundação para a Ciência e a Tecnologia,funder,xml
38413603,Science and Technology Facilities Council,funder,md
38204792,European Commission,funder,xml
40034129,Deutsche Forschungsgemeinschaft,funder,xml
39643603,Science and Technology Facilities Council,funder,md
38272940,European Commission,funder,md
38377575,Deutsche Forschungsgemeinschaft,funder,xml
39643603,"Ministry of Education, Culture, Sports, Science and Technology",funder,md
39035841,National Aeronautics and Space Administration,funder,xml
40003434,Conselho Nacional de Desenvolvimento Científico e Tecnológico,funder,xml
40173235,European Commission,funder,xml
39652750,Natural Environment Research Council,funder,xml
38593077,National Science Foundation,funder,xml
40214640,Medical Research Council,funder,xml
40404639,National Natural Science Foundation of China,funder,md
38228183,National Health and Medical Research Council,funder,xml
38489389,Centre National de la Recherche Scientifique,funder,xml
39099295,Deutsche Forschungsgemeinschaft,funder,md
38573738,Engineering and Physical Sciences Research Council,funder,xml
38605076,National Aeronautics and Space Administration,funder,md
39767396,National Research Foundation,funder,xml
40283776,Agence Nationale de la Recherche,funder,xml
38820049,European Commission,funder,xml
39638762,Ministerio de Ciencia e Innovación,funder,xml
39626871,Bundesministerium für Bildung und Forschung,funder,xml
38585189,National Aeronautics and Space Administration,funder,md
38605106,National Institutes of Health,funder,xml
40238277,National Institutes of Health,funder,md
39793052,National Science Foundation,funder,xml
39035841,Fundação de Amparo à Pesquisa do Estado de São Paulo,funder,xml
40371097,Australian Research Council,funder,md
38263408,Biotechnology and Biological Sciences Research Council,funder,md
40064916,Natural Environment Research Council,funder,md
39830270,Ministerio de Ciencia e Innovación,funder,xml
39475120,European Commission,funder,xml
39650626,U.S. Department of Energy,funder,xml
39048683,European Commission,funder,md
39475207,Biotechnology and Biological Sciences Research Council,funder,xml
39669505,National Science Foundation,funder,xml
39284689,Nederlandse Organisatie voor Wetenschappelijk Onderzoek,funder,xml
40034129,National Institutes of Health,funder,xml
38987602,Natural Environment Research Council,funder,md
38713426,National Institutes of Health,funder,md
38684006,U.S. Department of Energy,funder,xml
38510986,Nederlandse Organisatie voor Wetenschappelijk Onderzoek,funder,md
38585189,European Commission,funder,md
38879602,National Institute for Health and Care Research,funder,md
40470169,National Science Foundation,funder,md
38388522,Engineering and Physical Sciences Research Council,funder,md
38432237,European Commission,funder,xml
39078681,European Commission,funder,xml
38712033,National Institutes of Health,funder,xml
40455615,Nederlandse Organisatie voor Wetenschappelijk Onderzoek,funder,xml
39056486,Bundesministerium für Bildung und Forschung,funder,xml
39181910,European Commission,funder,md
38377575,Bundesministerium für Bildung und Forschung,funder,xml
39548058,Science and Technology Facilities Council,funder,md
39661682,Engineering and Physical Sciences Research Council,funder,xml
39805820,Natural Environment Research Council,funder,md
39876725,Biotechnology and Biological Sciences Research Council,funder,xml
39514651,National Science Foundation,funder,xml
38942892,National Aeronautics and Space Administration,funder,md
38195912,National Aeronautics and Space Administration,funder,md
38271522,Science and Technology Facilities Council,funder,md
38271522,National Research Foundation,funder,md
40215316,Wellcome Trust,funder,xml
39600101,European Commission,funder,xml
40404639,European Commission,funder,md
38773126,European Commission,funder,md
38559818,Engineering and Physical Sciences Research Council,funder,xml
40340435,Nederlandse Organisatie voor Wetenschappelijk Onderzoek,funder,xml
38739795,National Institute of General Medical Sciences,funder,xml
38588432,Natural Environment Research Council,funder,xml
40229259,Natural Sciences and Engineering Research Council of Canada,funder,md
39034972,Natural Environment Research Council,funder,md
38374414,National Research Foundation,funder,md
38348327,Ministerio de Ciencia e Innovación,funder,xml
38857406,Engineering and Physical Sciences Research Council,funder,xml
38481855,European Commission,funder,xml
39933591,Engineering and Physical Sciences Research Council,funder,xml
39988434,National Health and Medical Research Council,funder,xml
39078681,Bundesministerium für Bildung und Forschung,funder,xml
40034129,Medical Research Council,funder,xml
39717369,National Research Foundation of Korea,funder,md
40087538,National Science Foundation,funder,md
40321412,European Commission,funder,xml
40229259,European Commission,funder,md
38531902,National Institute of General Medical Sciences,funder,md
40078148,Australian Research Council,funder,xml
39630501,Deutsche Forschungsgemeinschaft,funder,md
40199932,Bundesministerium für Bildung und Forschung,funder,md
39873520,European Regional Development Fund,funder,xml
38634676,National Aeronautics and Space Administration,funder,md
39997538,Fundação para a Ciência e a Tecnologia,funder,xml
40404639,Conselho Nacional de Desenvolvimento Científico e Tecnológico,funder,md
38658675,National Key Research and Development Program of China,funder,md
39467133,National Cancer Institute,funder,xml
38196199,National Science Foundation,funder,md
38903198,Nederlandse Organisatie voor Wetenschappelijk Onderzoek,funder,xml
38409318,Bundesministerium für Bildung und Forschung,funder,md
39793052,Engineering and Physical Sciences Research Council,funder,xml
39165543,Bundesministerium für Bildung und Forschung,funder,xml
38736528,National Aeronautics and Space Administration,funder,md
38919853,National Aeronautics and Space Administration,funder,md
39248308,European Commission,funder,md
38489389,Biotechnology and Biological Sciences Research Council,funder,xml
39239357,National Research Foundation,funder,md
40229259,Vetenskapsrådet,funder,md
39503595,Nederlandse Organisatie voor Wetenschappelijk Onderzoek,funder,xml
39951531,Nederlandse Organisatie voor Wetenschappelijk Onderzoek,funder,xml
39623739,European Regional Development Fund,funder,xml
38879602,Medical Research Council,funder,md
39829557,Fundação para a Ciência e a Tecnologia,funder,xml
39386150,European Commission,funder,md
40310107,Fundação para a Ciência e a Tecnologia,funder,xml
40184177,National Research Foundation of Korea,funder,xml
38770122,National Science Foundation,funder,xml
39187534,European Regional Development Fund,funder,md
38416832,Agence Nationale de la Recherche,funder,xml
40404639,Fundação de Amparo à Pesquisa do Estado de São Paulo,funder,md
39257198,Deutsche Forschungsgemeinschaft,funder,xml
39595754,Schweizerischer Nationalfonds zur Förderung der Wissenschaftlichen Forschung,funder,xml
39717369,European Commission,funder,md
39424833,Agence Nationale de la Recherche,funder,md
38649723,Bundesministerium für Bildung und Forschung,funder,md
38600132,European Commission,funder,md
38983706,National Natural Science Foundation of China,funder,xml
39003341,National Research Foundation,funder,md
39443556,Natural Environment Research Council,funder,md
38264928,Engineering and Physical Sciences Research Council,funder,xml
39281887,Bundesministerium für Bildung und Forschung,funder,md
39536058,China Scholarship Council,funder,md
38271215,European Regional Development Fund,funder,xml
39804869,European Commission,funder,xml
39652755,U.S. Department of Energy,funder,xml
39361747,National Science Foundation,funder,md
39475207,Wellcome Trust,funder,xml
40335465,Deutsche Forschungsgemeinschaft,funder,xml
38196364,Australian Research Council,funder,xml
38547289,Wellcome Trust,funder,xml
38483991,National Aeronautics and Space Administration,funder,xml
40248973,Ministerio de Ciencia e Innovación,funder,xml
38305939,Australian Research Council,funder,md
38553544,Engineering and Physical Sciences Research Council,funder,md
39553714,European Commission,funder,xml
38249051,Fundação para a Ciência e a Tecnologia,funder,xml
39636860,U.S. Department of Energy,funder,xml
38990940,Bundesministerium für Bildung und Forschung,funder,xml
38990940,Centre National de la Recherche Scientifique,funder,xml
39602263,Nederlandse Organisatie voor Wetenschappelijk Onderzoek,funder,xml
39630501,Bundesministerium für Bildung und Forschung,funder,md
39678356,Science and Technology Facilities Council,funder,xml
40330104,Australian Research Council,funder,md
38820049,Biotechnology and Biological Sciences Research Council,funder,xml
38909077,European Commission,funder,md
39709502,National Aeronautics and Space Administration,funder,md
39643603,Japan Society for the Promotion of Science,funder,md
38440259,National Natural Science Foundation of China,funder,md
38690402,Wellcome Trust,funder,md
39475207,Agence Nationale de la Recherche,funder,xml
40229259,Natural Environment Research Council,funder,md
39556739,National Science Foundation,funder,xml
40215316,Medical Research Council,funder,xml
38440259,Fundação de Amparo à Pesquisa do Estado de São Paulo,funder,md
39896772,Schweizerischer Nationalfonds zur Förderung der Wissenschaftlichen Forschung,funder,xml
39036561,Engineering and Physical Sciences Research Council,funder,xml
39060425,Fundação para a Ciência e a Tecnologia,funder,md
38773126,National Cancer Institute,funder,md
39429864,Engineering and Physical Sciences Research Council,funder,xml
38585189,Schweizerischer Nationalfonds zur Förderung der Wissenschaftlichen Forschung,funder,md
39952954,National Institute for Health and Care Research,funder,md
40229259,Bundesministerium für Bildung und Forschung,funder,md
38990940,Schweizerischer Nationalfonds zur Förderung der Wissenschaftlichen Forschung,funder,xml
38483991,National Science Foundation,funder,xml
38690402,Natural Environment Research Council,funder,md
38315867,National Science Foundation,funder,xml
39194169,Engineering and Physical Sciences Research Council,funder,xml
38317439,Australian Research Council,funder,xml
38413603,Natural Environment Research Council,funder,md
40370026,Fundação para a Ciência e a Tecnologia,funder,xml
39358374,Bundesministerium für Bildung und Forschung,funder,md
39042691,European Commission,funder,xml
40225306,Engineering and Physical Sciences Research Council,funder,md
39259791,National Science Foundation,funder,xml
39772735,Engineering and Physical Sciences Research Council,funder,xml
39460949,Engineering and Physical Sciences Research Council,funder,xml
38170768,Schweizerischer Nationalfonds zur Förderung der Wissenschaftlichen Forschung,funder,md
38820146,Japan Society for the Promotion of Science,funder,md
38993235,Agence Nationale de la Recherche,funder,xml
38818378,Deutsche Forschungsgemeinschaft,funder,md
38500531,Deutsche Forschungsgemeinschaft,funder,xml
39475207,National Cancer Institute,funder,xml
39604289,European Commission,funder,xml
39958928,National Aeronautics and Space Administration,funder,xml
39593812,European Commission,funder,xml
39592000,European Commission,funder,xml
40547194,European Regional Development Fund,funder,md
39911890,Fundação para a Ciência e a Tecnologia,funder,xml
38712033,National Institute for Health and Care Research,funder,xml
40422893,Nederlandse Organisatie voor Wetenschappelijk Onderzoek,funder,md
39248308,Bundesministerium für Bildung und Forschung,funder,md
40372439,European Commission,funder,xml
39431302,Australian Research Council,funder,xml
38264928,National Institutes of Health,funder,xml
40003540,Conselho Nacional de Desenvolvimento Científico e Tecnológico,funder,xml
39643603,National Science Foundation,funder,md
38317439,U.S. Department of Energy,funder,xml
40034129,"Department of Science and Technology, Ministry of Science and Technology, India",funder,xml
39652383,Australian Research Council,funder,md
38190515,National Science Foundation,funder,xml
38874424,Deutsche Forschungsgemeinschaft,funder,xml
38696469,National Science Foundation,funder,xml
39830270,National Institutes of Health,funder,xml
39248308,European Regional Development Fund,funder,md
39671498,Engineering and Physical Sciences Research Council,funder,xml
38317439,Agence Nationale de la Recherche,funder,xml
38351747,Australian Research Council,funder,xml
39830270,National Institute for Health and Care Research,funder,xml
38617802,Vetenskapsrådet,funder,xml
40092899,U.S. Department of Agriculture,funder,xml
38483981,Australian Research Council,funder,md
38960860,National Institute of General Medical Sciences,funder,xml
38632480,Science and Technology Facilities Council,funder,md
39661682,National Institute of General Medical Sciences,funder,xml
39836436,Ministerio de Economía y Competitividad,funder,xml
40137339,Fundação para a Ciência e a Tecnologia,funder,xml
38320617,Natural Environment Research Council,funder,xml
38471550,National Science Foundation,funder,xml
38271522,Japan Society for the Promotion of Science,funder,md
38464752,Biotechnology and Biological Sciences Research Council,funder,xml
39794879,Natural Environment Research Council,funder,xml
40034129,U.S. Department of Energy,funder,xml
39005474,National Institutes of Health,funder,xml
39248308,National Science Foundation,funder,md
39248308,National Natural Science Foundation of China,funder,md
38402264,Natural Sciences and Engineering Research Council of Canada,funder,md
40256447,Medical Research Council,funder,xml
38681185,National Science Foundation,funder,xml
38799391,Agence Nationale de la Recherche,funder,md
39034972,Biotechnology and Biological Sciences Research Council,funder,md
38432237,Medical Research Council,funder,xml
38272940,Agence Nationale de la Recherche,funder,md
39456921,Engineering and Physical Sciences Research Council,funder,xml
39108863,Fundação para a Ciência e a Tecnologia,funder,xml
38689546,Nederlandse Organisatie voor Wetenschappelijk Onderzoek,funder,xml
38773126,Ministerio de Ciencia e Innovación,funder,md
39734916,Engineering and Physical Sciences Research Council,funder,xml
39290663,National Science Foundation,funder,xml
38267450,Centre National de la Recherche Scientifique,funder,md
38481855,European Regional Development Fund,funder,xml
39025478,Fundação para a Ciência e a Tecnologia,funder,xml
39279819,European Commission,funder,md
39042696,National Institutes of Health,funder,xml
40299703,National Institutes of Health,funder,xml
38960860,National Science Foundation,funder,xml
39623739,European Commission,funder,xml
40404639,National Science Foundation,funder,md
38818378,Bundesministerium für Bildung und Forschung,funder,md
38172637,Nederlandse Organisatie voor Wetenschappelijk Onderzoek,funder,xml
39830270,Canadian Institutes of Health Research,funder,xml
39264279,Vetenskapsrådet,funder,xml
38684006,U.S. Department of Agriculture,funder,xml
38196199,Deutsche Forschungsgemeinschaft,funder,md
38380701,European Regional Development Fund,funder,md
39284689,Vetenskapsrådet,funder,xml
40305618,Nederlandse Organisatie voor Wetenschappelijk Onderzoek,funder,xml
39532896,National Natural Science Foundation of China,funder,md
40064916,Bundesministerium für Bildung und Forschung,funder,md
39141739,European Commission,funder,xml
40054693,Engineering and Physical Sciences Research Council,funder,xml
39906501,European Commission,funder,xml
40203091,Japan Society for the Promotion of Science,funder,xml
39976449,European Commission,funder,xml
39816735,National Aeronautics and Space Administration,funder,xml
39951525,National Institute of General Medical Sciences,funder,xml
38553544,Natural Environment Research Council,funder,md
38259104,European Commission,funder,xml
40087538,Schweizerischer Nationalfonds zur Förderung der Wissenschaftlichen Forschung,funder,md
39398634,Biotechnology and Biological Sciences Research Council,funder,xml
38892146,Fundação para a Ciência e a Tecnologia,funder,md
39452617,Natural Environment Research Council,funder,xml
38874424,Bundesministerium für Bildung und Forschung,funder,xml
39973583,Australian Research Council,funder,xml
38654649,Australian Research Council,funder,xml
38489389,Science and Technology Facilities Council,funder,xml
39048015,European Commission,funder,md
38228183,Australian Research Council,funder,xml
40173235,Bundesministerium für Bildung und Forschung,funder,xml
39830270,National Science Foundation,funder,xml
39511301,Nederlandse Organisatie voor Wetenschappelijk Onderzoek,funder,md
39074505,National Aeronautics and Space Administration,funder,xml
40382363,National Aeronautics and Space Administration,funder,md
39495929,Nederlandse Organisatie voor Wetenschappelijk Onderzoek,funder,xml
39899712,National Institutes of Health,funder,xml
38317439,National Science Foundation,funder,xml
39873520,Medical Research Council,funder,xml
39391756,European Commission,funder,xml
39475207,European Commission,funder,xml
40043128,Japan Society for the Promotion of Science,funder,xml
38547289,Medical Research Council,funder,xml
39816735,European Commission,funder,xml
38585189,National Science Foundation,funder,md
40034129,Wellcome Trust,funder,xml
39108863,European Regional Development Fund,funder,xml
39760305,Australian Research Council,funder,xml
40256447,National Institute for Health and Care Research,funder,xml
40087816,Nederlandse Organisatie voor Wetenschappelijk Onderzoek,funder,xml
39650626,Australian Research Council,funder,xml
38531902,Nederlandse Organisatie voor Wetenschappelijk Onderzoek,funder,md
40547194,European Commission,funder,md
38380701,National Science Foundation,funder,md
39880948,European Commission,funder,xml
39621546,Fundação para a Ciência e a Tecnologia,funder,xml
38285937,National Institute of General Medical Sciences,funder,xml
39048683,Vetenskapsrådet,funder,md
40173235,U.S. Department of Energy,funder,xml
39893186,National Natural Science Foundation of China,funder,md
38170768,U.S. Department of Energy,funder,md
39349446,European Commission,funder,md
39730336,National Key Research and Development Program of China,funder,md
40396925,Biotechnology and Biological Sciences Research Council,funder,xml
38489389,Wellcome Trust,funder,xml
39074505,European Commission,funder,xml
39546597,European Commission,funder,xml
39876725,Natural Environment Research Council,funder,xml
40132627,Natural Environment Research Council,funder,xml
38807519,Fundação para a Ciência e a Tecnologia,funder,xml
39169965,National Institute for Health and Care Research,funder,xml
40519887,Deutsche Forschungsgemeinschaft,funder,xml
39475207,National Institute of General Medical Sciences,funder,xml
39248308,Centre National de la Recherche Scientifique,funder,md
39169967,National Institute for Health and Care Research,funder,xml
39467117,National Science Foundation,funder,xml
38531405,European Commission,funder,xml
40335465,Bundesministerium für Bildung und Forschung,funder,xml
38819376,Natural Sciences and Engineering Research Council of Canada,funder,xml
39713280,Engineering and Physical Sciences Research Council,funder,xml
38471550,Deutsche Forschungsgemeinschaft,funder,xml
39747195,National Institute for Health and Care Research,funder,md
40444198,Deutsche Forschungsgemeinschaft,funder,xml
40249807,National Research Foundation,funder,xml
39626871,Deutsche Forschungsgemeinschaft,funder,xml
40256447,Wellcome Trust,funder,xml
40237819,European Regional Development Fund,funder,xml
38204792,Wellcome Trust,funder,xml
38583468,European Commission,funder,xml
39525648,European Commission,funder,xml
38713426,National Science Foundation,funder,md
38807519,Deutsche Forschungsgemeinschaft,funder,xml
39432793,European Commission,funder,xml
39391720,European Commission,funder,xml
39705308,National Institute of General Medical Sciences,funder,xml
40359974,Australian Research Council,funder,xml
39926358,Deutsche Forschungsgemeinschaft,funder,xml
38317439,Engineering and Physical Sciences Research Council,funder,xml
39794879,Nederlandse Organisatie voor Wetenschappelijk Onderzoek,funder,xml
40009574,Natural Environment Research Council,funder,md
40057500,Natural Environment Research Council,funder,md
39788931,European Commission,funder,md
39172761,Engineering and Physical Sciences Research Council,funder,md
38773083,Bundesministerium für Bildung und Forschung,funder,md
39533947,Natural Environment Research Council,funder,xml
39619791,National Science Foundation,funder,xml
38429500,Natural Environment Research Council,funder,md
39048683,Coordenação de Aperfeiçoamento de Pessoal de Nível Superior,funder,md
38605106,National Institute for Health and Care Research,funder,xml
40008143,European Commission,funder,xml
39398634,Natural Environment Research Council,funder,xml
40121204,National Natural Science Foundation of China,funder,md
39475207,Medical Research Council,funder,xml
39043238,Australian Research Council,funder,xml
39876793,European Commission,funder,xml
38990940,European Commission,funder,xml
38531902,European Commission,funder,md
40455615,European Commission,funder,xml
39248308,Ministerio de Economía y Competitividad,funder,md
39593812,Engineering and Physical Sciences Research Council,funder,xml
40241380,Australian Research Council,funder,xml
38977678,Fundação para a Ciência e a Tecnologia,funder,md
38181731,Medical Research Council,funder,md
38264928,Biotechnology and Biological Sciences Research Council,funder,xml
40473677,National Natural Science Foundation of China,funder,md
39048015,National Aeronautics and Space Administration,funder,md
38353824,National Aeronautics and Space Administration,funder,md
40138406,National Institutes of Health,funder,xml
40092899,Biotechnology and Biological Sciences Research Council,funder,xml
39624177,National Aeronautics and Space Administration,funder,md
38236733,National Institute of General Medical Sciences,funder,xml
40045026,Natural Environment Research Council,funder,md
39830270,Wellcome Trust,funder,xml
38348327,Engineering and Physical Sciences Research Council,funder,xml
39873520,Bundesministerium für Bildung und Forschung,funder,xml
40235699,Bundesministerium für Bildung und Forschung,funder,xml
40540408,National Health and Medical Research Council,funder,xml
39263462,Natural Environment Research Council,funder,xml
38760418,Fundação para a Ciência e a Tecnologia,funder,md
40512743,Engineering and Physical Sciences Research Council,funder,md
40163726,National Science Foundation,funder,xml
39715763,National Natural Science Foundation of China,funder,md
38204792,Deutsche Forschungsgemeinschaft,funder,xml
39248308,U.S. Department of Energy,funder,md
38560558,National Aeronautics and Space Administration,funder,md
39536058,European Commission,funder,md
40103754,Bundesministerium für Bildung und Forschung,funder,xml
39693632,Deutsche Forschungsgemeinschaft,funder,xml
39573850,European Commission,funder,xml
39723171,Nederlandse Organisatie voor Wetenschappelijk Onderzoek,funder,xml
39475207,National Institutes of Health,funder,xml
38315867,National Aeronautics and Space Administration,funder,xml
38990940,Deutsche Forschungsgemeinschaft,funder,xml
40458082,Fundação para a Ciência e a Tecnologia,funder,xml
39788931,Ministerio de Ciencia e Innovación,funder,md
38965366,Bundesministerium für Bildung und Forschung,funder,md
38799400,Deutsche Forschungsgemeinschaft,funder,xml
39677981,National Aeronautics and Space Administration,funder,xml
38236733,National Institutes of Health,funder,xml
39711613,National Aeronautics and Space Administration,funder,md
39475207,Engineering and Physical Sciences Research Council,funder,xml
40475158,Engineering and Physical Sciences Research Council,funder,xml
39259791,National Aeronautics and Space Administration,funder,xml
39493620,European Commission,funder,xml
39035841,National Science Foundation,funder,xml
38820049,Engineering and Physical Sciences Research Council,funder,xml
40404639,Deutsche Forschungsgemeinschaft,funder,md
38432237,Japan Society for the Promotion of Science,funder,xml
39836436,Australian Research Council,funder,xml
39264861,Nederlandse Organisatie voor Wetenschappelijk Onderzoek,funder,md
39896772,National Science Foundation,funder,xml
38712033,Bundesministerium für Bildung und Forschung,funder,xml
40396925,Deutsche Forschungsgemeinschaft,funder,xml
39942680,European Commission,funder,xml
38605106,European Commission,funder,xml
39970201,Nederlandse Organisatie voor Wetenschappelijk Onderzoek,funder,xml
40475158,European Commission,funder,xml
39312680,National Aeronautics and Space Administration,funder,xml
39703692,Agence Nationale de la Recherche,funder,xml
38705190,Engineering and Physical Sciences Research Council,funder,xml
40433961,European Commission,funder,md
39604289,Fundação para a Ciência e a Tecnologia,funder,xml
40476043,Ministerio de Ciencia e Innovación,funder,xml
39355106,Schweizerischer Nationalfonds zur Förderung der Wissenschaftlichen Forschung,funder,xml
40087538,Wellcome Trust,funder,md
38966246,Natural Environment Research Council,funder,xml
39279819,Fundação para a Ciência e a Tecnologia,funder,md
39600101,Fundação para a Ciência e a Tecnologia,funder,xml
40372776,Bundesministerium für Bildung und Forschung,funder,xml
38434752,Fundação para a Ciência e a Tecnologia,funder,xml
40372439,Natural Environment Research Council,funder,xml
38634676,National Science Foundation,funder,md
38412128,Agence Nationale de la Recherche,funder,xml
38228621,National Aeronautics and Space Administration,funder,md
39345755,Medical Research Council,funder,xml
38204792,Natural Environment Research Council,funder,xml
39008662,National Aeronautics and Space Administration,funder,xml
39691819,Fundação para a Ciência e a Tecnologia,funder,xml
39793052,Russian Science Foundation,funder,xml
38590614,Bundesministerium für Bildung und Forschung,funder,xml
40186769,Nederlandse Organisatie voor Wetenschappelijk Onderzoek,funder,md
40391376,Fundação para a Ciência e a Tecnologia,funder,xml
38819376,Australian Research Council,funder,xml
38170784,Nederlandse Organisatie voor Wetenschappelijk Onderzoek,funder,md
40092899,Natural Environment Research Council,funder,xml
38681185,Fundação de Amparo à Pesquisa do Estado de São Paulo,funder,xml
39823331,Wellcome Trust,funder,xml
38736528,National Science Foundation,funder,md
40270794,European Commission,funder,md
38471550,National Aeronautics and Space Administration,funder,xml
39399586,Australian Research Council,funder,xml
38712033,European Commission,funder,xml
38795015,European Regional Development Fund,funder,xml
39700085,Nederlandse Organisatie voor Wetenschappelijk Onderzoek,funder,md
39619791,Natural Environment Research Council,funder,xml
38429500,National Science Foundation,funder,md
38552024,Natural Environment Research Council,funder,md
40470169,National Aeronautics and Space Administration,funder,md
39876717,National Aeronautics and Space Administration,funder,xml
40087538,National Natural Science Foundation of China,funder,md
38317439,Science and Technology Facilities Council,funder,xml
39345755,Australian Research Council,funder,xml
38681185,Conselho Nacional de Desenvolvimento Científico e Tecnológico,funder,xml
38719891,National Natural Science Foundation of China,funder,md
38489389,Natural Environment Research Council,funder,xml
40234441,Bundesministerium für Bildung und Forschung,funder,md
38267450,European Commission,funder,md
39318424,National Aeronautics and Space Administration,funder,xml
38382535,Engineering and Physical Sciences Research Council,funder,xml
38705190,European Commission,funder,xml
39310729,Natural Sciences and Engineering Research Council of Canada,funder,xml
38228621,National Science Foundation,funder,md
38277447,European Commission,funder,md
38277447,Schweizerischer Nationalfonds zur Förderung der Wissenschaftlichen Forschung,funder,md
39264279,European Commission,funder,xml
39452831,Bundesministerium für Bildung und Forschung,funder,xml
38583468,Fundação para a Ciência e a Tecnologia,funder,xml
39536077,Engineering and Physical Sciences Research Council,funder,xml
38235960,Nederlandse Organisatie voor Wetenschappelijk Onderzoek,funder,xml
38489389,Medical Research Council,funder,xml
40214640,Wellcome Trust,funder,xml
39830270,Schweizerischer Nationalfonds zur Förderung der Wissenschaftlichen Forschung,funder,xml
38862479,Vetenskapsrådet,funder,md
39616184,Bundesministerium für Bildung und Forschung,funder,md
39896772,European Commission,funder,xml
40092899,Australian Research Council,funder,xml
39391720,Engineering and Physical Sciences Research Council,funder,xml
40148331,National Natural Science Foundation of China,funder,md
38744875,National Natural Science Foundation of China,funder,md
39546597,National Cancer Institute,funder,xml
39043234,Australian Research Council,funder,xml
40099215,National Natural Science Foundation of China,funder,xml
38819376,Canadian Institutes of Health Research,funder,xml
38600132,European Regional Development Fund,funder,md
39876717,National Science Foundation,funder,xml
38600132,Fundação para a Ciência e a Tecnologia,funder,md
40497295,Australian Research Council,funder,xml
40303021,European Commission,funder,xml
39880946,Schweizerischer Nationalfonds zur Förderung der Wissenschaftlichen Forschung,funder,md
39493620,Deutsche Forschungsgemeinschaft,funder,xml
38960860,National Institutes of Health,funder,xml
38773126,National Institutes of Health,funder,md
39457360,National Cancer Institute,funder,xml
39074505,National Research Foundation,funder,xml
39424797,Engineering and Physical Sciences Research Council,funder,md
39678356,National Aeronautics and Space Administration,funder,xml
39116608,Natural Environment Research Council,funder,xml
38170768,National Science Foundation,funder,md
40214640,European Commission,funder,xml
38374414,Engineering and Physical Sciences Research Council,funder,md
39959855,Nederlandse Organisatie voor Wetenschappelijk Onderzoek,funder,md
38361974,Nederlandse Organisatie voor Wetenschappelijk Onderzoek,funder,xml
38388522,National Institute for Health and Care Research,funder,md
40382363,National Science Foundation,funder,md
38807544,Natural Environment Research Council,funder,xml
39099295,Bundesministerium für Bildung und Forschung,funder,md
38182574,Engineering and Physical Sciences Research Council,funder,md
40486186,Natural Environment Research Council,funder,md
39643603,European Commission,funder,md
38328565,Deutsche Forschungsgemeinschaft,funder,xml
39139916,Natural Sciences and Engineering Research Council of Canada,funder,xml
39940401,Fundação para a Ciência e a Tecnologia,funder,xml
39355011,Engineering and Physical Sciences Research Council,funder,xml
38489389,Engineering and Physical Sciences Research Council,funder,xml
40008143,Ministerio de Ciencia e Innovación,funder,xml
40352462,Deutsche Forschungsgemeinschaft,funder,md
39145042,Australian Research Council,funder,xml
39678357,Science and Technology Facilities Council,funder,xml
40337257,Australian Research Council,funder,xml
39248308,Fundação para a Ciência e a Tecnologia,funder,md
39048015,Schweizerischer Nationalfonds zur Förderung der Wissenschaftlichen Forschung,funder,md
38272940,Deutsche Forschungsgemeinschaft,funder,md
38196366,Nederlandse Organisatie voor Wetenschappelijk Onderzoek,funder,xml
38477558,Fundação para a Ciência e a Tecnologia,funder,md
39133826,China Scholarship Council,funder,xml
38271522,Deutsche Forschungsgemeinschaft,funder,md
40321412,Fundação para a Ciência e a Tecnologia,funder,xml
40138406,National Institute of General Medical Sciences,funder,xml
39239357,National Research Foundation of Korea,funder,md
39821939,Australian Research Council,funder,xml
39548275,National Aeronautics and Space Administration,funder,md
40064916,Schweizerischer Nationalfonds zur Förderung der Wissenschaftlichen Forschung,funder,md
39955295,Bundesministerium für Bildung und Forschung,funder,md
39636860,National Science Foundation,funder,xml
38705190,Natural Environment Research Council,funder,xml
39294160,European Commission,funder,md
39873520,European Commission,funder,xml
39432793,Natural Environment Research Council,funder,xml
40372439,Bundesministerium für Bildung und Forschung,funder,xml
40372439,Deutsche Forschungsgemeinschaft,funder,xml
39709504,Japan Society for the Promotion of Science,funder,md
