journal,total,positives,obs_rate,neg_repo,adjudicated_n,basis,genuine_fraction,exposure_raw_pp,exposure_corrected_pp,rank_observed,rank_corrected,rank_delta,rank_ceiling,rank_delta_ceiling,low_confidence_mover
Scientific Data,2421,1888,77.9843,413,61,adjudicated,0.9508,17.0591,16.2201,1,1,0,1,0,0
Communications Biology,2503,1548,61.8458,126,1,imputed,0.7079,5.034,3.5635,2,2,0,2,0,0
Nature Communications,15129,8634,57.0692,810,25,adjudicated,0.44,5.354,2.3557,3,3,0,3,0,0
iScience,3514,1793,51.0245,69,1,imputed,0.7079,1.9636,1.39,4,4,0,5,-1,0
Frontiers in Microbiology,3850,1665,43.2468,45,1,imputed,0.7079,1.1688,0.8274,5,6,-1,6,-1,0
BMC Plant Biology,1982,834,42.0787,18,0,imputed,0.7079,0.9082,0.6429,6,7,-1,7,-1,0
Ecology and Evolution,2325,745,32.043,529,59,adjudicated,0.8136,22.7527,18.5107,7,5,2,4,3,0
Frontiers in Plant Science,3649,883,24.1984,104,0,imputed,0.7079,2.8501,2.0176,8,9,-1,10,-2,0
PLoS ONE,24182,5832,24.1171,606,6,imputed,0.7079,2.506,1.774,9,10,-1,12,-3,0
Microorganisms,3132,751,23.9783,34,0,imputed,0.7079,1.0856,0.7685,10,11,-1,13,-3,0
Viruses,2076,428,20.6166,26,0,imputed,0.7079,1.2524,0.8866,11,14,-3,14,-3,0
Frontiers in Veterinary Science,2238,442,19.7498,27,0,imputed,0.7079,1.2064,0.854,12,15,-3,15,-3,0
Frontiers in Immunology,5876,1059,18.0225,48,0,imputed,0.7079,0.8169,0.5783,13,16,-3,16,-3,0
Frontiers in Nutrition,2356,407,17.275,18,0,imputed,0.7079,0.764,0.5408,14,18,-4,18,-4,1
Genes,1815,313,17.2452,17,0,imputed,0.7079,0.9366,0.663,15,17,-2,17,-2,0
Chemical Science,2486,407,16.3717,15,0,imputed,0.7079,0.6034,0.4271,16,19,-3,19,-3,0
Science Advances,3594,570,15.8598,693,62,adjudicated,0.8065,19.2821,15.5501,17,8,9,8,9,0
Frontiers in Endocrinology,2649,411,15.5153,24,0,imputed,0.7079,0.906,0.6414,18,20,-2,20,-2,0
BMC Infectious Diseases,1953,287,14.6953,9,0,imputed,0.7079,0.4608,0.3262,19,22,-3,22,-3,0
Scientific Reports,49520,7168,14.475,939,20,adjudicated,0.35,1.8962,0.6637,20,21,-1,21,-1,0
BMC Public Health,5185,680,13.1148,37,0,imputed,0.7079,0.7136,0.5052,21,23,-2,23,-2,0
BMC Cancer,2277,287,12.6043,2,0,imputed,0.7079,0.0878,0.0622,22,24,-2,24,-2,0
Poultry Science,1824,214,11.7325,13,0,imputed,0.7079,0.7127,0.5045,23,25,-2,25,-2,0
PeerJ,2512,286,11.3854,398,50,adjudicated,0.8,15.8439,12.6752,24,12,12,9,15,0
Frontiers in Pharmacology,3697,387,10.4679,40,1,imputed,0.7079,1.082,0.7659,25,27,-2,27,-2,0
Frontiers in Psychology,4285,445,10.3851,76,0,imputed,0.7079,1.7736,1.2555,26,26,0,26,0,0
Frontiers in Public Health,5387,549,10.1912,72,0,imputed,0.7079,1.3366,0.9461,27,28,-1,28,-1,0
International Journal of Molecular Sciences,14269,1344,9.419,135,3,imputed,0.7079,0.9461,0.6697,28,30,-2,31,-3,0
Animals,4759,438,9.2036,67,0,imputed,0.7079,1.4079,0.9966,29,29,0,30,-1,0
Plants,4653,404,8.6826,92,0,imputed,0.7079,1.9772,1.3997,30,31,-1,29,1,0
Advanced Science,4305,347,8.0604,31,1,imputed,0.7079,0.7201,0.5098,31,33,-2,33,-2,0
Proceedings of the National Academy of Sciences,4134,323,7.8133,779,68,adjudicated,0.8235,18.8437,15.5184,32,13,19,11,21,0
Heliyon,16600,1278,7.6988,239,1,imputed,0.7079,1.4398,1.0192,33,32,1,32,1,0
Frontiers in Psychiatry,2334,174,7.455,25,0,imputed,0.7079,1.0711,0.7582,34,34,0,34,0,0
Frontiers in Medicine,3462,237,6.8458,27,0,imputed,0.7079,0.7799,0.5521,35,35,0,35,0,0
BMC Oral Health,2196,142,6.4663,6,0,imputed,0.7079,0.2732,0.1934,36,36,0,36,0,0
BMC Health Services Research,2205,124,5.6236,16,0,imputed,0.7079,0.7256,0.5137,37,37,0,37,0,0
Frontiers in Oncology,4069,228,5.6033,17,0,imputed,0.7079,0.4178,0.2958,38,38,0,39,-1,0
Frontiers in Neurology,2291,119,5.1942,20,0,imputed,0.7079,0.873,0.618,39,39,0,38,1,0
RSC Advances,4574,222,4.8535,20,0,imputed,0.7079,0.4373,0.3095,40,40,0,40,0,0
Molecules,7085,301,4.2484,55,1,imputed,0.7079,0.7763,0.5495,41,41,0,41,0,0
Life,1867,67,3.5886,17,0,imputed,0.7079,0.9106,0.6446,42,42,0,42,0,0
BMC Medical Education,2148,75,3.4916,14,0,imputed,0.7079,0.6518,0.4614,43,44,-1,44,-1,0
Nutrients,4728,155,3.2783,32,1,imputed,0.7079,0.6768,0.4791,44,45,-1,45,-1,0
ACS Omega,5973,184,3.0805,75,1,imputed,0.7079,1.2557,0.8889,45,43,2,43,2,0
Cancers,4121,126,3.0575,31,0,imputed,0.7079,0.7522,0.5325,46,47,-1,48,-2,0
Medicine,4702,141,2.9987,7,0,imputed,0.7079,0.1489,0.1054,47,50,-3,52,-5,0
Biomedicines,3002,86,2.8648,31,1,imputed,0.7079,1.0326,0.731,48,46,2,46,2,0
Foods,5262,148,2.8126,39,0,imputed,0.7079,0.7412,0.5247,49,48,1,50,-1,0
Pharmaceuticals,1846,49,2.6544,17,0,imputed,0.7079,0.9209,0.6519,50,49,1,49,1,0
International Journal of Environmental Research and Public Health,2018,36,1.7839,42,42,adjudicated,0.4524,2.0813,0.9415,51,52,-1,47,4,0
BMJ Open,4923,80,1.625,87,0,imputed,0.7079,1.7672,1.251,52,51,1,51,1,0
Healthcare,3137,47,1.4982,31,0,imputed,0.7079,0.9882,0.6995,53,53,0,53,0,0
Diagnostics,3400,41,1.2059,31,0,imputed,0.7079,0.9118,0.6454,54,55,-1,55,-1,0
Medicina,2321,18,0.7755,7,0,imputed,0.7079,0.3016,0.2135,55,57,-2,58,-3,0
Sensors,10333,79,0.7645,177,0,imputed,0.7079,1.713,1.2126,56,54,2,54,2,0
Polymers,4477,32,0.7148,34,0,imputed,0.7079,0.7594,0.5376,57,56,1,56,1,0
Journal of Clinical Medicine,8679,50,0.5761,48,0,imputed,0.7079,0.5531,0.3915,58,58,0,57,1,0
Materials,8035,29,0.3609,42,0,imputed,0.7079,0.5227,0.37,59,59,0,59,0,0
Nanomaterials,2402,8,0.3331,6,0,imputed,0.7079,0.2498,0.1768,60,61,-1,61,-1,0
International Journal of Surgery Case Reports,2131,6,0.2816,3,0,imputed,0.7079,0.1408,0.0997,61,62,-1,63,-2,0
JAMA Network Open,2805,6,0.2139,12,0,imputed,0.7079,0.4278,0.3028,62,60,2,60,2,0
Cureus,28751,46,0.16,70,0,imputed,0.7079,0.2435,0.1724,63,64,-1,64,-1,0
Radiology Case Reports,1875,2,0.1067,7,0,imputed,0.7079,0.3733,0.2643,64,63,1,62,2,0
