pmid,pmcid,doi,oddpub_category,text_source,char_len
37986723,PMC10659454,10.1038/s41597-025-04743-0,"supplement, github, unknown/misspecified source",mineru_md,44380
38167392,PMC10762041,10.1038/s41597-023-02751-6,unknown/misspecified source,mineru_md,80021
38167500,PMC10762209,10.1038/s41597-023-02857-x,"github, unknown/misspecified source",mineru_md,57343
38167852,PMC10761691,10.1038/s41597-023-02831-7,unknown/misspecified source,mineru_md,79498
38177140,PMC10767084,10.1038/s41597-023-02836-2,,mineru_md,24532
38177174,PMC10767078,10.1038/s41597-023-02874-w,supplement,mineru_md,23465
38182590,PMC10770399,10.1038/s41597-023-02859-9,upon request,mineru_md,45433
38182596,PMC10770343,10.1038/s41597-023-02733-8,unknown/misspecified source,mineru_md,80021
38182605,PMC10770365,10.1038/s41597-023-02863-z,unknown/misspecified source,mineru_md,56306
38191576,PMC10774419,10.1038/s41597-023-02824-6,,mineru_md,40275
38191626,PMC10774304,10.1038/s41597-023-02796-7,,mineru_md,28971
38195581,PMC10776779,10.1038/s41597-023-02835-3,,mineru_md,80021
38195633,PMC10776752,10.1038/s41597-023-02867-9,upon request,mineru_md,33905
38195635,PMC10776700,10.1038/s41597-023-02902-9,,mineru_md,80021
38199998,PMC10781961,10.1038/s41597-023-02875-9,,mineru_md,54569
38212343,PMC10784550,10.1038/s41597-023-02855-z,"github, unknown/misspecified source",mineru_md,62340
38216580,PMC10786896,10.1038/s41597-023-02616-y,"supplement, unknown/misspecified source",mineru_md,80021
38228610,PMC10791632,10.1038/s41597-024-02918-9,github,mineru_md,46732
38228620,PMC10791624,10.1038/s41597-024-02915-y,re-use,mineru_md,50164
38228642,PMC10791647,10.1038/s41597-024-02935-8,"supplement, unknown/misspecified source",mineru_md,56604
38233444,PMC10794220,10.1038/s41597-023-02691-1,supplement,mineru_md,34227
38233447,PMC10794705,10.1038/s41597-023-02877-7,"supplement, re-use, github",mineru_md,80021
38238331,PMC10796766,10.1038/s41597-024-02928-7,"supplement, unknown/misspecified source",mineru_md,48311
38238342,PMC10796636,10.1038/s41597-024-02943-8,supplement,mineru_md,56477
38242910,PMC10798971,10.1038/s41597-024-02951-8,"unknown/misspecified source, supplement, upon request",mineru_md,38098
38242920,PMC10799005,10.1038/s41597-023-02896-4,github,mineru_md,71078
38245553,PMC10799940,10.1038/s41597-024-02932-x,github,mineru_md,58711
38245566,PMC10799908,10.1038/s41597-024-02917-w,,mineru_md,71980
38253535,PMC10803299,10.1038/s41597-024-02950-9,,mineru_md,38069
38253567,PMC10803814,10.1038/s41597-024-02955-4,,mineru_md,43731
38263360,PMC10805719,10.1038/s41597-024-02949-2,github,mineru_md,33987
38267450,PMC10808179,10.1038/s41597-024-02961-6,supplement,mineru_md,25334
38272936,PMC10810824,10.1038/s41597-024-02953-6,"supplement, github, unknown/misspecified source",mineru_md,74338
38272947,PMC10810953,10.1038/s41597-024-02948-3,"re-use, upon request",mineru_md,41474
38296972,PMC10830455,10.1038/s41597-024-02987-w,github,mineru_md,57445
38297002,PMC10830496,10.1038/s41597-024-02984-z,github,mineru_md,55973
38297013,PMC10831085,10.1038/s41597-024-02956-3,,mineru_md,80021
38297080,PMC10830475,10.1038/s41597-024-02978-x,github,mineru_md,68019
38302466,PMC10834592,10.1038/s41597-024-02982-1,,mineru_md,23257
38302487,PMC10834944,10.1038/s41597-024-02975-0,,mineru_md,46659
38321027,PMC10847495,10.1038/s41597-024-02981-2,unknown/misspecified source,mineru_md,27940
38321063,PMC10847415,10.1038/s41597-024-03006-8,,mineru_md,75153
38326377,PMC10850093,10.1038/s41597-024-03013-9,unknown/misspecified source,mineru_md,37800
38341463,PMC10858880,10.1038/s41597-024-03005-9,github,mineru_md,53319
38341465,PMC10858885,10.1038/s41597-024-03009-5,,mineru_md,56751
38347013,PMC10861473,10.1038/s41597-023-02865-x,supplement,mineru_md,80021
38351164,PMC10864270,10.1038/s41597-024-02994-x,github,mineru_md,56432
38355745,PMC10866886,10.1038/s41597-024-03051-3,,mineru_md,80021
38355867,PMC10867014,10.1038/s41597-023-02881-x,"re-use, github, unknown/misspecified source",mineru_md,80021
38360806,PMC10869837,10.1038/s41597-024-03028-2,github,mineru_md,73796
38360854,PMC10869819,10.1038/s41597-024-03037-1,"supplement, re-use, unknown/misspecified source",mineru_md,80021
38365981,PMC10873340,10.1038/s41597-024-03038-0,github,mineru_md,80021
38388559,PMC10883924,10.1038/s41597-024-03004-w,supplement,mineru_md,80021
38388690,PMC10883937,10.1038/s41597-024-02958-1,github,mineru_md,75451
38395957,PMC10891121,10.1038/s41597-024-03064-y,,mineru_md,30843
38396055,PMC10891096,10.1038/s41597-024-03075-9,unknown/misspecified source,mineru_md,28694
38396146,PMC10891137,10.1038/s41597-024-03055-z,unknown/misspecified source,mineru_md,48649
38402251,PMC10894286,10.1038/s41597-024-03078-6,unknown/misspecified source,mineru_md,52504
38402264,PMC10894235,10.1038/s41597-024-03080-y,unknown/misspecified source,mineru_md,45818
38402293,PMC10894243,10.1038/s41597-024-03063-z,github,mineru_md,38919
38409183,PMC10897146,10.1038/s41597-024-03041-5,,mineru_md,38320
38409278,PMC10967373,10.1038/s41597-024-03000-0,unknown/misspecified source,mineru_md,29444
38413616,PMC10899624,10.1038/s41597-024-03084-8,unknown/misspecified source,mineru_md,39736
38413633,PMC10899197,10.1038/s41597-024-03058-w,github,mineru_md,80021
38418520,PMC10901885,10.1038/s41597-024-03059-9,unknown/misspecified source,mineru_md,80021
38418828,PMC10902353,10.1038/s41597-024-03072-y,,mineru_md,57181
38424079,PMC10904366,10.1038/s41597-024-03021-9,github,mineru_md,24343
38424105,PMC10904846,10.1038/s41597-024-03086-6,unknown/misspecified source,mineru_md,23956
38429277,PMC11422495,10.1038/s41597-024-03074-w,unknown/misspecified source,mineru_md,80021
38438364,PMC10912193,10.1038/s41597-023-02844-2,github,mineru_md,80021
38443367,PMC10915151,10.1038/s41597-024-03099-1,,mineru_md,21845
38448476,PMC10917791,10.1038/s41597-024-03091-9,"supplement, unknown/misspecified source",mineru_md,80021
38453963,PMC10920678,10.1038/s41597-024-03106-5,upon request,mineru_md,80021
38461156,PMC10924966,10.1038/s41597-024-03103-8,unknown/misspecified source,mineru_md,43473
38461334,PMC10925045,10.1038/s41597-024-03110-9,supplement,mineru_md,37034
38467652,PMC10928215,10.1038/s41597-024-03092-8,,mineru_md,60008
38493221,PMC10944538,10.1038/s41597-024-03025-5,github,mineru_md,56426
38499581,PMC10948805,10.1038/s41597-024-03105-6,"re-use, unknown/misspecified source",mineru_md,80021
38503792,PMC10951232,10.1038/s41597-024-03130-5,,mineru_md,34499
38509068,PMC10954639,10.1038/s41597-024-03134-1,,mineru_md,16986
38514683,PMC10957931,10.1038/s41597-024-03138-x,supplement,mineru_md,48670
38521796,PMC10960823,10.1038/s41597-024-03143-0,,mineru_md,60407
38538625,PMC10973510,10.1038/s41597-024-03161-y,,mineru_md,66714
38553541,PMC10980787,10.1038/s41597-024-03149-8,,mineru_md,80021
38553544,PMC10980736,10.1038/s41597-024-03147-w,"supplement, upon request, unknown/misspecified source",mineru_md,80021
38570477,PMC10991304,10.1038/s41597-024-03151-0,,mineru_md,36733
38570520,PMC10991379,10.1038/s41597-024-03158-7,github,mineru_md,36230
38575591,PMC10995170,10.1038/s41597-024-03186-3,unknown/misspecified source,mineru_md,63651
38575659,PMC10995213,10.1038/s41597-024-03148-9,"github, unknown/misspecified source",mineru_md,80021
38582751,PMC10998834,10.1038/s41597-024-03180-9,supplement,mineru_md,59026
38582756,PMC10998916,10.1038/s41597-024-03176-5,,mineru_md,61204
38582793,PMC10998872,10.1038/s41597-024-03195-2,,mineru_md,43544
38589396,PMC11001905,10.1038/s41597-024-03167-6,unknown/misspecified source,mineru_md,41849
38600169,PMC11006833,10.1038/s41597-024-03199-y,,mineru_md,65706
38600185,PMC11006661,10.1038/s41597-024-03088-4,unknown/misspecified source,mineru_md,80021
38605057,PMC11009284,10.1038/s41597-024-03196-1,,mineru_md,80021
38605088,PMC11009408,10.1038/s41597-024-03182-7,github,mineru_md,50812
38609400,PMC11014970,10.1038/s41597-024-03208-0,github,mineru_md,80021
38609405,PMC11014927,10.1038/s41597-024-03193-4,supplement,mineru_md,58628
38615135,PMC11016106,10.1038/s41597-024-03201-7,,mineru_md,80021
38627446,PMC11021437,10.1038/s41597-024-03243-x,supplement,mineru_md,37073
38632258,PMC11024106,10.1038/s41597-024-03244-w,,mineru_md,56948
38632296,PMC11024087,10.1038/s41597-024-03214-2,github,mineru_md,74787
38637551,PMC11026384,10.1038/s41597-024-03228-w,supplement,mineru_md,53040
38643170,PMC11032403,10.1038/s41597-024-03224-0,,mineru_md,56364
38643186,PMC11032401,10.1038/s41597-024-03216-0,github,mineru_md,53846
38643291,PMC11032332,10.1038/s41597-024-03252-w,github,mineru_md,39298
38649344,PMC11035565,10.1038/s41597-024-03223-1,github,mineru_md,59740
38649712,PMC11035563,10.1038/s41597-024-03263-7,re-use,mineru_md,57763
38653962,PMC11039729,10.1038/s41597-024-03156-9,,mineru_md,80021
38658675,PMC11043390,10.1038/s41597-024-03268-2,,mineru_md,28739
38664437,PMC11045741,10.1038/s41597-024-03269-1,,mineru_md,37054
38702300,PMC11068769,10.1038/s41597-024-03258-4,,mineru_md,69106
38702302,PMC11068789,10.1038/s41597-024-03282-4,github,mineru_md,46594
38702315,PMC11068785,10.1038/s41597-024-03271-7,github,mineru_md,71779
38710687,PMC11074133,10.1038/s41597-024-03261-9,unknown/misspecified source,mineru_md,52832
38710697,PMC11074251,10.1038/s41597-024-03288-y,,mineru_md,35490
38719810,PMC11078919,10.1038/s41597-024-03279-z,,mineru_md,52328
38719854,PMC11078918,10.1038/s41597-024-03292-2,upon request,mineru_md,41719
38719869,PMC11078987,10.1038/s41597-024-03318-9,,mineru_md,72041
38719888,PMC11078983,10.1038/s41597-024-03287-z,unknown/misspecified source,mineru_md,66003
38719891,PMC11078952,10.1038/s41597-024-03272-6,"supplement, re-use",mineru_md,53684
38724536,PMC11082132,10.1038/s41597-024-03336-7,unknown/misspecified source,mineru_md,45342
38724574,PMC11082202,10.1038/s41597-024-03328-7,unknown/misspecified source,mineru_md,40384
38724591,PMC11082150,10.1038/s41597-024-03283-3,"re-use, unknown/misspecified source",mineru_md,58852
38724595,PMC11082239,10.1038/s41597-024-03301-4,github,mineru_md,80021
38729970,PMC11087485,10.1038/s41597-024-03337-6,github,mineru_md,57159
38729994,PMC11087584,10.1038/s41597-024-03311-2,upon request,mineru_md,77981
38734679,PMC11088675,10.1038/s41597-024-03217-z,github,mineru_md,37289
38744841,PMC11094021,10.1038/s41597-024-03310-3,unknown/misspecified source,mineru_md,55095
38750048,PMC11096168,10.1038/s41597-024-03326-9,"upon request, unknown/misspecified source",mineru_md,56655
38755158,PMC11099185,10.1038/s41597-024-03365-2,supplement,mineru_md,30768
38755168,PMC11099133,10.1038/s41597-024-03325-w,,mineru_md,80021
38760418,PMC11101445,10.1038/s41597-024-03345-6,github,mineru_md,48810
38760422,PMC11101425,10.1038/s41597-024-03256-6,,mineru_md,22361
38760443,PMC11101477,10.1038/s41597-024-03354-5,supplement,mineru_md,45692
38778011,PMC11111760,10.1038/s41597-024-03346-5,,mineru_md,48370
38778022,PMC11111776,10.1038/s41597-024-03360-7,supplement,mineru_md,31074
38796572,PMC11127944,10.1038/s41597-024-03391-0,,mineru_md,46204
38811583,PMC11136952,10.1038/s41597-024-03406-w,,mineru_md,36665
38834583,PMC11150430,10.1038/s41597-024-03400-2,github,mineru_md,26209
38834588,PMC11150240,10.1038/s41597-024-03419-5,,mineru_md,42488
38834597,PMC11150433,10.1038/s41597-024-03416-8,github,mineru_md,46534
38839790,PMC11153528,10.1038/s41597-024-03432-8,github,mineru_md,29845
38844496,PMC11156870,10.1038/s41597-024-03433-7,"supplement, unknown/misspecified source",mineru_md,71343
38844775,PMC11156903,10.1038/s41597-024-03434-6,github,mineru_md,63377
38849366,PMC11161459,10.1038/s41597-024-03396-9,,mineru_md,30885
38849391,PMC11161508,10.1038/s41597-024-03441-7,"supplement, unknown/misspecified source",mineru_md,54371
38866772,PMC11169240,10.1038/s41597-024-03460-4,unknown/misspecified source,mineru_md,39751
38866799,PMC11169371,10.1038/s41597-024-03475-x,,mineru_md,51806
38866820,PMC11169488,10.1038/s41597-024-03446-2,unknown/misspecified source,mineru_md,52561
38866856,PMC11169221,10.1038/s41597-024-03407-9,"upon request, unknown/misspecified source",mineru_md,61151
38871736,PMC11176178,10.1038/s41597-024-03488-6,unknown/misspecified source,mineru_md,41141
38871749,PMC11176378,10.1038/s41597-024-03449-z,upon request,mineru_md,74947
38871800,PMC11176335,10.1038/s41597-024-03383-0,"github, unknown/misspecified source",mineru_md,32568
38876995,PMC11178848,10.1038/s41597-024-03474-y,"unknown/misspecified source, supplement",mineru_md,38478
38879569,PMC11180164,10.1038/s41597-024-03473-z,,mineru_md,23856
38879585,PMC11180113,10.1038/s41597-024-03366-1,,mineru_md,80021
38879616,PMC11180130,10.1038/s41597-024-03482-y,"upon request, supplement",mineru_md,53759
38886401,PMC11183078,10.1038/s41597-024-03308-x,,mineru_md,33387
38909019,PMC11193711,10.1038/s41597-024-03535-2,supplement,mineru_md,67235
38909049,PMC11193783,10.1038/s41597-024-03494-8,unknown/misspecified source,mineru_md,50120
38909061,PMC11193726,10.1038/s41597-024-03509-4,unknown/misspecified source,mineru_md,38954
38909069,PMC11193709,10.1038/s41597-024-03501-y,"unknown/misspecified source, supplement",mineru_md,47262
38914542,PMC11196658,10.1038/s41597-024-03510-x,github,mineru_md,55446
38918474,PMC11199488,10.1038/s41597-024-03536-1,re-use,mineru_md,50669
38937469,PMC11211408,10.1038/s41597-024-03551-2,unknown/misspecified source,mineru_md,50421
38937480,PMC11211438,10.1038/s41597-024-03484-w,unknown/misspecified source,mineru_md,61945
38937491,PMC11211393,10.1038/s41597-024-03472-0,,mineru_md,80021
38937514,PMC11211436,10.1038/s41597-024-03462-2,,mineru_md,29435
38951502,PMC11217459,10.1038/s41597-024-03552-1,unknown/misspecified source,mineru_md,32104
38956054,PMC11219831,10.1038/s41597-024-03574-9,github,mineru_md,35433
38956094,PMC11220054,10.1038/s41597-024-03553-0,unknown/misspecified source,mineru_md,62857
38956122,PMC11219795,10.1038/s41597-024-03530-7,github,mineru_md,80021
38961122,PMC11222379,10.1038/s41597-024-03573-w,,mineru_md,43644
38971846,PMC11227503,10.1038/s41597-024-03577-6,,mineru_md,66950
38972884,PMC11228048,10.1038/s41597-024-03562-z,re-use,mineru_md,72219
38972916,PMC11228016,10.1038/s41597-024-03576-7,,mineru_md,53019
38982093,PMC11233584,10.1038/s41597-024-03540-5,github,mineru_md,69667
38982138,PMC11233633,10.1038/s41597-024-03612-6,,mineru_md,39099
38987528,PMC11237020,10.1038/s41597-024-03575-8,github,mineru_md,51993
38987534,PMC11237068,10.1038/s41597-024-03580-x,unknown/misspecified source,mineru_md,80021
38987561,PMC11237097,10.1038/s41597-024-03524-5,,mineru_md,80021
38992038,PMC11239927,10.1038/s41597-024-03598-1,upon request,mineru_md,39253
38997300,PMC11245481,10.1038/s41597-024-03447-1,supplement,mineru_md,80021
39003329,PMC11246469,10.1038/s41597-024-03615-3,,mineru_md,44190
39013864,PMC11252290,10.1038/s41597-024-03616-2,github,mineru_md,59738
39030186,PMC11271596,10.1038/s41597-024-03597-2,"re-use, upon request",mineru_md,71553
39033167,PMC11271311,10.1038/s41597-024-03649-7,unknown/misspecified source,mineru_md,54819
39043651,PMC11266348,10.1038/s41597-024-03641-1,,mineru_md,29733
39048571,PMC11269682,10.1038/s41597-024-03599-0,"re-use, unknown/misspecified source",mineru_md,60994
39048632,PMC11269697,10.1038/s41597-024-03652-y,,mineru_md,41871
39068189,PMC11283562,10.1038/s41597-024-03661-x,github,mineru_md,57248
39095370,PMC11297143,10.1038/s41597-024-03629-x,re-use,mineru_md,71036
39095400,PMC11297319,10.1038/s41597-024-03690-6,supplement,mineru_md,41317
39095466,PMC11297035,10.1038/s41597-024-03692-4,"supplement, unknown/misspecified source",mineru_md,31143
39097645,PMC11298006,10.1038/s41597-024-03685-3,unknown/misspecified source,mineru_md,45415
39103380,PMC11300709,10.1038/s41597-024-03499-3,"supplement, re-use, unknown/misspecified source",mineru_md,47061
39117701,PMC11310308,10.1038/s41597-024-03696-0,,mineru_md,38610
39122728,PMC11316086,10.1038/s41597-024-03705-2,"unknown/misspecified source, supplement, upon request",mineru_md,43347
39127738,PMC11316825,10.1038/s41597-024-03688-0,github,mineru_md,53133
39127752,PMC11316760,10.1038/s41597-024-03729-8,supplement,mineru_md,71227
39127755,PMC11316751,10.1038/s41597-024-03730-1,,mineru_md,26903
39138206,PMC11322156,10.1038/s41597-024-03740-z,"supplement, re-use",mineru_md,43947
39143093,PMC11325024,10.1038/s41597-024-03701-6,,mineru_md,37158
39143096,PMC11324883,10.1038/s41597-024-03743-w,github,mineru_md,69477
39143100,PMC11324878,10.1038/s41597-024-03668-4,unknown/misspecified source,mineru_md,55948
39147838,PMC11327260,10.1038/s41597-024-03725-y,,mineru_md,38123
39154076,PMC11330530,10.1038/s41597-024-03679-1,unknown/misspecified source,mineru_md,58741
39168996,PMC11339374,10.1038/s41597-024-03710-5,,mineru_md,35837
39179565,PMC11344052,10.1038/s41597-024-03750-x,unknown/misspecified source,mineru_md,80021
39181910,PMC11344804,10.1038/s41597-024-03759-2,github,mineru_md,51176
39191780,PMC11350142,10.1038/s41597-024-03732-z,upon request,mineru_md,35175
39191783,PMC11349881,10.1038/s41597-024-03611-7,"supplement, github, unknown/misspecified source",mineru_md,80021
39198456,PMC11358401,10.1038/s41597-024-03775-2,"supplement, re-use",mineru_md,35210
39209861,PMC11362277,10.1038/s41597-024-03780-5,"supplement, unknown/misspecified source",mineru_md,43097
39214994,PMC11364547,10.1038/s41597-024-03742-x,unknown/misspecified source,mineru_md,65244
39227607,PMC11372175,10.1038/s41597-024-03766-3,github,mineru_md,69712
39232019,PMC11375007,10.1038/s41597-024-03809-9,,mineru_md,36393
39237546,PMC11377692,10.1038/s41597-024-03806-y,github,mineru_md,50270
39237569,PMC11377829,10.1038/s41597-024-03828-6,"github, unknown/misspecified source",mineru_md,22804
39237577,PMC11377815,10.1038/s41597-024-03613-5,unknown/misspecified source,mineru_md,80021
39242603,PMC11379710,10.1038/s41597-024-03832-w,,mineru_md,42570
39242622,PMC11379903,10.1038/s41597-024-03807-x,github,mineru_md,35547
39244573,PMC11380675,10.1038/s41597-024-03682-6,,mineru_md,49908
39244605,PMC11380660,10.1038/s41597-024-03776-1,"github, unknown/misspecified source",mineru_md,42845
39256407,PMC11387611,10.1038/s41597-024-03751-w,,mineru_md,67564
39256465,PMC11387623,10.1038/s41597-024-03687-1,,mineru_md,80021
39266559,PMC11393081,10.1038/s41597-024-03822-y,supplement,mineru_md,49061
39284828,PMC11405776,10.1038/s41597-024-03831-x,github,mineru_md,80021
39289364,PMC11408678,10.1038/s41597-024-03820-0,github,mineru_md,34776
39289384,PMC11408525,10.1038/s41597-024-03825-9,,mineru_md,80021
39294160,PMC11411096,10.1038/s41597-024-03650-0,,mineru_md,70729
39294170,PMC11410942,10.1038/s41597-024-03857-1,"supplement, upon request",mineru_md,43034
39300127,PMC11412993,10.1038/s41597-024-03814-y,,mineru_md,34303
39300134,PMC11413193,10.1038/s41597-024-03862-4,github,mineru_md,35298
39300149,PMC11413188,10.1038/s41597-024-03874-0,,mineru_md,38136
39333090,PMC11436697,10.1038/s41597-024-03872-2,,mineru_md,41978
39333157,PMC11437015,10.1038/s41597-024-03873-1,github,mineru_md,44954
39333175,PMC11436766,10.1038/s41597-024-03880-2,,mineru_md,24371
39333541,PMC11436824,10.1038/s41597-024-03878-w,supplement,mineru_md,68220
39333547,PMC11436872,10.1038/s41597-024-03821-z,unknown/misspecified source,mineru_md,56179
39333553,PMC11437025,10.1038/s41597-024-03716-z,upon request,mineru_md,38798
39333635,PMC11437203,10.1038/s41597-024-03881-1,github,mineru_md,54233
39333639,PMC11437106,10.1038/s41597-024-03877-x,,mineru_md,57759
39341807,PMC11439064,10.1038/s41597-024-03886-w,github,mineru_md,44646
39353923,PMC11445235,10.1038/s41597-024-03893-x,,mineru_md,38533
39358422,PMC11447120,10.1038/s41597-024-03892-y,,mineru_md,53412
39362909,PMC11449991,10.1038/s41597-024-03887-9,,mineru_md,51763
39368991,PMC11455946,10.1038/s41597-024-03907-8,"upon request, unknown/misspecified source",mineru_md,42300
39379382,PMC11461699,10.1038/s41597-024-03939-0,,mineru_md,35707
39384776,PMC11464671,10.1038/s41597-024-03968-9,,mineru_md,50072
39389959,PMC11467317,10.1038/s41597-024-03937-2,"supplement, unknown/misspecified source",mineru_md,69053
39389990,PMC11467320,10.1038/s41597-024-03926-5,,mineru_md,80021
39414802,PMC11484779,10.1038/s41597-024-03960-3,github,mineru_md,56250
39420018,PMC11487249,10.1038/s41597-024-03984-9,github,mineru_md,69049
39420189,PMC11487133,10.1038/s41597-024-03969-8,"re-use, unknown/misspecified source",mineru_md,64145
39424844,PMC11489569,10.1038/s41597-024-03940-7,unknown/misspecified source,mineru_md,45413
39426989,PMC11490614,10.1038/s41597-024-03995-6,unknown/misspecified source,mineru_md,66321
39448662,PMC11502698,10.1038/s41597-024-03982-x,github,mineru_md,40692
39455586,PMC11512011,10.1038/s41597-024-04012-6,,mineru_md,29616
39472432,PMC11522301,10.1038/s41597-024-04024-2,,mineru_md,61784
39477968,PMC11526026,10.1038/s41597-024-03918-5,github,mineru_md,51365
39487161,PMC11530659,10.1038/s41597-024-04053-x,,mineru_md,60396
39500890,PMC11538507,10.1038/s41597-024-04034-0,"unknown/misspecified source, upon request",mineru_md,80021
39521807,PMC11550319,10.1038/s41597-024-04020-6,,mineru_md,52895
39532896,PMC11557595,10.1038/s41597-024-04065-7,,mineru_md,47768
39532912,PMC11557825,10.1038/s41597-024-03991-w,"unknown/misspecified source, re-use",mineru_md,35636
39532918,PMC11557934,10.1038/s41597-024-04060-y,"re-use, github",mineru_md,72920
39532938,PMC11557571,10.1038/s41597-024-04098-y,,mineru_md,23926
39543106,PMC11564775,10.1038/s41597-024-04029-x,unknown/misspecified source,mineru_md,62358
39543183,PMC11564725,10.1038/s41597-024-04063-9,,mineru_md,63514
39557852,PMC11574100,10.1038/s41597-024-04076-4,unknown/misspecified source,mineru_md,46616
39557872,PMC11574002,10.1038/s41597-024-04116-z,"supplement, upon request",mineru_md,46554
39567508,PMC11579286,10.1038/s41597-024-04085-3,,mineru_md,27929
39567545,PMC11579464,10.1038/s41597-024-03974-x,"supplement, re-use",mineru_md,60024
39572561,PMC11582633,10.1038/s41597-024-04123-0,"supplement, upon request, unknown/misspecified source",mineru_md,56654
39572577,PMC11582579,10.1038/s41597-024-04114-1,github,mineru_md,56580
39580471,PMC11585596,10.1038/s41597-024-04128-9,supplement,mineru_md,47097
39580497,PMC11585549,10.1038/s41597-024-04117-y,unknown/misspecified source,mineru_md,47940
39587111,PMC11589874,10.1038/s41597-024-04143-w,"supplement, unknown/misspecified source, upon request",mineru_md,63164
39587125,PMC11589117,10.1038/s41597-024-04036-y,,mineru_md,43847
39587138,PMC11589760,10.1038/s41597-024-04027-z,,mineru_md,60573
39592620,PMC11599280,10.1038/s41597-024-04133-y,unknown/misspecified source,mineru_md,39594
39592621,PMC11599594,10.1038/s41597-024-04019-z,supplement,mineru_md,69897
39592634,PMC11599385,10.1038/s41597-024-04101-6,unknown/misspecified source,mineru_md,75345
39604495,PMC11603170,10.1038/s41597-024-04130-1,supplement,mineru_md,44493
39609419,PMC11604672,10.1038/s41597-024-04099-x,,mineru_md,42055
39609443,PMC11605126,10.1038/s41597-024-04074-6,,mineru_md,48091
39609451,PMC11604968,10.1038/s41597-024-04077-3,github,mineru_md,59849
39616184,PMC11608352,10.1038/s41597-024-04163-6,,mineru_md,45556
39622914,PMC11612427,10.1038/s41597-024-04158-3,upon request,mineru_md,57082
39632837,PMC11618338,10.1038/s41597-024-04009-1,,mineru_md,36334
39632886,PMC11618800,10.1038/s41597-024-04086-2,unknown/misspecified source,mineru_md,58932
39632921,PMC11618343,10.1038/s41597-024-04134-x,upon request,mineru_md,78690
39638783,PMC11621419,10.1038/s41597-024-04183-2,github,mineru_md,73770
39638794,PMC11621532,10.1038/s41597-024-04157-4,unknown/misspecified source,mineru_md,49844
39695120,PMC11655961,10.1038/s41597-024-04151-w,"upon request, github",mineru_md,38611
39695125,PMC11655562,10.1038/s41597-024-04102-5,github,mineru_md,50039
39695127,PMC11655668,10.1038/s41597-024-04186-z,github,mineru_md,61935
39695140,PMC11655637,10.1038/s41597-024-04217-9,unknown/misspecified source,mineru_md,36856
39695144,PMC11655869,10.1038/s41597-024-04214-y,supplement,mineru_md,46957
39695161,PMC11655852,10.1038/s41597-024-04180-5,,mineru_md,26783
39695165,PMC11655626,10.1038/s41597-024-04169-0,github,mineru_md,30973
39695172,PMC11655557,10.1038/s41597-024-04160-9,github,mineru_md,42015
39695181,PMC11655552,10.1038/s41597-024-04261-5,unknown/misspecified source,mineru_md,43847
39695186,PMC11655563,10.1038/s41597-024-04243-7,,mineru_md,38125
39695192,PMC11655834,10.1038/s41597-024-03976-9,unknown/misspecified source,mineru_md,62371
39695193,PMC11655643,10.1038/s41597-024-04188-x,unknown/misspecified source,mineru_md,31059
39695198,PMC11655662,10.1038/s41597-024-04164-5,re-use,mineru_md,35932
39695223,PMC11655985,10.1038/s41597-024-04198-9,unknown/misspecified source,mineru_md,42525
39695245,PMC11655555,10.1038/s41597-024-04258-0,re-use,mineru_md,51505
39695251,PMC11655960,10.1038/s41597-024-04172-5,,mineru_md,43461
39695252,PMC11655838,10.1038/s41597-024-04165-4,,mineru_md,44408
39695257,PMC11655549,10.1038/s41597-024-04205-z,github,mineru_md,64165
39695312,PMC11655649,10.1038/s41597-024-04189-w,"github, unknown/misspecified source",mineru_md,30308
39702428,PMC11659625,10.1038/s41597-024-04253-5,,mineru_md,32881
39702578,PMC11659470,10.1038/s41597-024-04168-1,,mineru_md,74552
39702819,PMC11659562,10.1038/s41597-024-04277-x,supplement,mineru_md,57270
39706828,PMC11661997,10.1038/s41597-024-04192-1,"supplement, unknown/misspecified source",mineru_md,80021
39709502,PMC11663226,10.1038/s41597-024-04278-w,"supplement, unknown/misspecified source",mineru_md,80021
39709504,PMC11663220,10.1038/s41597-024-04281-1,github,mineru_md,51324
39715763,PMC11666581,10.1038/s41597-024-04270-4,unknown/misspecified source,mineru_md,38275
39730327,PMC11680833,10.1038/s41597-024-04336-3,unknown/misspecified source,mineru_md,26452
39730336,PMC11681092,10.1038/s41597-024-04290-0,,mineru_md,80021
39732723,PMC11682344,10.1038/s41597-024-04328-3,github,mineru_md,33210
39738204,PMC11685662,10.1038/s41597-024-04276-y,,mineru_md,38836
39747886,PMC11695680,10.1038/s41597-024-04362-1,,mineru_md,47742
39753563,PMC11698851,10.1038/s41597-024-04351-4,,mineru_md,41895
39762331,PMC11704310,10.1038/s41597-025-04372-7,github,mineru_md,53800
39774015,PMC11707331,10.1038/s41597-025-04375-4,,mineru_md,47668
39794367,PMC11723921,10.1038/s41597-025-04392-3,unknown/misspecified source,mineru_md,39309
39799107,PMC11724993,10.1038/s41597-024-04175-2,unknown/misspecified source,mineru_md,55123
39799118,PMC11724851,10.1038/s41597-024-04299-5,,mineru_md,34979
39799135,PMC11724850,10.1038/s41597-024-04329-2,github,mineru_md,65919
39809766,PMC11733126,10.1038/s41597-025-04383-4,"upon request, unknown/misspecified source",mineru_md,43031
39814736,PMC11735804,10.1038/s41597-025-04368-3,re-use,mineru_md,47034
39814807,PMC11736075,10.1038/s41597-025-04390-5,re-use,mineru_md,44203
39820017,PMC11739464,10.1038/s41597-024-04295-9,supplement,mineru_md,65033
39820351,PMC11739474,10.1038/s41597-025-04448-4,unknown/misspecified source,mineru_md,29966
39820528,PMC11739391,10.1038/s41597-024-04312-x,upon request,mineru_md,42924
39833218,PMC11747249,10.1038/s41597-025-04450-w,unknown/misspecified source,mineru_md,34959
39837895,PMC11751302,10.1038/s41597-025-04455-5,"upon request, github",mineru_md,80021
39843501,PMC11754846,10.1038/s41597-025-04404-2,,mineru_md,58159
39843890,PMC11754626,10.1038/s41597-025-04409-x,"upon request, unknown/misspecified source",mineru_md,80021
39865066,PMC11770109,10.1038/s41597-025-04497-9,github,mineru_md,38872
39865076,PMC11770090,10.1038/s41597-024-04269-x,unknown/misspecified source,mineru_md,80021
39870684,PMC11772575,10.1038/s41597-025-04465-3,,mineru_md,51836
39875386,PMC11775143,10.1038/s41597-025-04457-3,github,mineru_md,74960
39875412,PMC11775332,10.1038/s41597-025-04495-x,github,mineru_md,47415
39881139,PMC11779955,10.1038/s41597-025-04415-z,unknown/misspecified source,mineru_md,51607
39885139,PMC11782544,10.1038/s41597-024-04152-9,unknown/misspecified source,mineru_md,38424
39885165,PMC11782645,10.1038/s41597-025-04482-2,,mineru_md,54754
39890834,PMC11785794,10.1038/s41597-024-04227-7,github,mineru_md,72764
39893161,PMC11787306,10.1038/s41597-025-04513-y,"github, unknown/misspecified source",mineru_md,67390
39893186,PMC11787372,10.1038/s41597-024-04196-x,github,mineru_md,67725
39893195,PMC11787352,10.1038/s41597-025-04396-z,github,mineru_md,71893
39905011,PMC11794637,10.1038/s41597-024-04313-w,github,mineru_md,80021
39905016,PMC11794518,10.1038/s41597-025-04539-2,,mineru_md,64995
39905024,PMC11794869,10.1038/s41597-025-04543-6,unknown/misspecified source,mineru_md,70203
39910061,PMC11799166,10.1038/s41597-025-04535-6,github,mineru_md,31386
39910117,PMC11799221,10.1038/s41597-025-04508-9,github,mineru_md,34882
39915480,PMC11802720,10.1038/s41597-025-04541-8,,mineru_md,28536
39915490,PMC11802732,10.1038/s41597-025-04471-5,unknown/misspecified source,mineru_md,51737
39915498,PMC11802868,10.1038/s41597-025-04502-1,,mineru_md,67404
39915508,PMC11802901,10.1038/s41597-025-04512-z,re-use,mineru_md,47921
39920123,PMC11806053,10.1038/s41597-025-04491-1,"supplement, github",mineru_md,80021
39920165,PMC11806052,10.1038/s41597-025-04547-2,github,mineru_md,56086
39934128,PMC11814293,10.1038/s41597-025-04540-9,"supplement, upon request",mineru_md,69883
39939336,PMC11822054,10.1038/s41597-025-04536-5,github,mineru_md,62668
39939361,PMC11821814,10.1038/s41597-025-04506-x,,mineru_md,65379
39939610,PMC11821812,10.1038/s41597-025-04565-0,,mineru_md,61026
39939642,PMC11822033,10.1038/s41597-025-04544-5,unknown/misspecified source,mineru_md,80021
39952954,PMC11829038,10.1038/s41597-024-04259-z,,mineru_md,42186
39952970,PMC11828951,10.1038/s41597-025-04589-6,unknown/misspecified source,mineru_md,66294
39956811,PMC11830798,10.1038/s41597-025-04454-6,"upon request, unknown/misspecified source",mineru_md,63724
39966392,PMC11836364,10.1038/s41597-025-04534-7,unknown/misspecified source,mineru_md,80021
39966414,PMC11836452,10.1038/s41597-025-04584-x,unknown/misspecified source,mineru_md,60193
39971910,PMC11840033,10.1038/s41597-025-04611-x,,mineru_md,64683
39971936,PMC11840089,10.1038/s41597-025-04612-w,,mineru_md,49766
39979347,PMC11842580,10.1038/s41597-024-04199-8,unknown/misspecified source,mineru_md,61740
39979360,PMC11842715,10.1038/s41597-025-04643-3,unknown/misspecified source,mineru_md,44923
39987162,PMC11846907,10.1038/s41597-025-04655-z,github,mineru_md,24772
40000637,PMC11861586,10.1038/s41597-025-04642-4,github,mineru_md,31222
40000685,PMC11861984,10.1038/s41597-025-04560-5,"supplement, re-use",mineru_md,70752
40011459,PMC11865480,10.1038/s41597-025-04676-8,unknown/misspecified source,mineru_md,41863
40011486,PMC11865620,10.1038/s41597-025-04638-0,,mineru_md,37351
40011528,PMC11865572,10.1038/s41597-025-04625-5,,mineru_md,42220
40011540,PMC11865446,10.1038/s41597-025-04588-7,upon request,mineru_md,48481
40021658,PMC11871357,10.1038/s41597-025-04689-3,github,mineru_md,58086
40038321,PMC11880192,10.1038/s41597-025-04593-w,,mineru_md,21952
40050312,PMC11885589,10.1038/s41597-025-04626-4,,mineru_md,36941
40050317,PMC11885844,10.1038/s41597-025-04712-7,unknown/misspecified source,mineru_md,38076
40055338,PMC11889162,10.1038/s41597-025-04716-3,,mineru_md,56294
40055348,PMC11889079,10.1038/s41597-025-04709-2,re-use,mineru_md,28110
40057500,PMC11890587,10.1038/s41597-025-04694-6,unknown/misspecified source,mineru_md,78864
40057543,PMC11890572,10.1038/s41597-025-04738-x,github,mineru_md,80021
40057550,PMC11890752,10.1038/s41597-025-04744-z,re-use,mineru_md,23742
40057556,PMC11890765,10.1038/s41597-025-04720-7,,mineru_md,80021
40064907,PMC11894173,10.1038/s41597-025-04610-y,unknown/misspecified source,mineru_md,61396
40064916,PMC11893747,10.1038/s41597-025-04672-y,,mineru_md,80021
40069172,PMC11897216,10.1038/s41597-025-04760-z,,mineru_md,35707
40069187,PMC11897385,10.1038/s41597-025-04756-9,,mineru_md,31609
40069192,PMC11897396,10.1038/s41597-025-04758-7,re-use,mineru_md,24041
40074756,PMC11903681,10.1038/s41597-025-04728-z,,mineru_md,35024
40074778,PMC11904228,10.1038/s41597-025-04700-x,,mineru_md,45945
40082463,PMC11907064,10.1038/s41597-025-04698-2,,mineru_md,68358
40082465,PMC11906598,10.1038/s41597-025-04761-y,supplement,mineru_md,65546
40087270,PMC11909141,10.1038/s41597-025-04763-w,github,mineru_md,31442
40089497,PMC11910653,10.1038/s41597-025-04784-5,github,mineru_md,39938
40097426,PMC11914539,10.1038/s41597-025-04749-8,github,mineru_md,62378
40097439,PMC11914232,10.1038/s41597-025-04767-6,unknown/misspecified source,mineru_md,77450
40108130,PMC11923151,10.1038/s41597-025-04713-6,github,mineru_md,79672
40108146,PMC11923173,10.1038/s41597-025-04707-4,github,mineru_md,80021
40108248,PMC11923250,10.1038/s41597-025-04807-1,unknown/misspecified source,mineru_md,23311
40108251,PMC11923216,10.1038/s41597-025-04785-4,supplement,mineru_md,62936
40118852,PMC11928623,10.1038/s41597-025-04798-z,github,mineru_md,57976
40118864,PMC11928455,10.1038/s41597-025-04710-9,github,mineru_md,56549
40121204,PMC11929797,10.1038/s41597-025-04794-3,,mineru_md,42344
40121221,PMC11929768,10.1038/s41597-025-04747-w,supplement,mineru_md,32913
40128215,PMC11933301,10.1038/s41597-025-04816-0,,mineru_md,58896
40128259,PMC11933314,10.1038/s41597-025-04802-6,unknown/misspecified source,mineru_md,43644
40133343,PMC11937398,10.1038/s41597-025-04840-0,,mineru_md,43766
40148331,PMC11950162,10.1038/s41597-025-04836-w,github,mineru_md,60409
40155370,PMC11953410,10.1038/s41597-025-04856-6,,mineru_md,46808
40155635,PMC11953418,10.1038/s41597-025-04874-4,github,mineru_md,71516
40157929,PMC11954876,10.1038/s41597-025-04819-x,re-use,mineru_md,43751
40157936,PMC11954963,10.1038/s41597-025-04872-6,,mineru_md,43485
40157945,PMC11954919,10.1038/s41597-025-04838-8,,mineru_md,42620
40157956,PMC11954889,10.1038/s41597-025-04850-y,,mineru_md,59550
40164632,PMC11958828,10.1038/s41597-025-04781-8,supplement,mineru_md,80021
40164648,PMC11958633,10.1038/s41597-025-04869-1,"upon request, unknown/misspecified source",mineru_md,58127
40169613,PMC11961681,10.1038/s41597-025-04897-x,github,mineru_md,48306
40169636,PMC11961680,10.1038/s41597-025-04823-1,github,mineru_md,77704
40175438,PMC11965339,10.1038/s41597-025-04797-0,,mineru_md,52952
40180919,PMC11968964,10.1038/s41597-025-04870-8,re-use,mineru_md,37219
40181016,PMC11968865,10.1038/s41597-025-04900-5,,mineru_md,59519
40181039,PMC11968990,10.1038/s41597-025-04865-5,"re-use, upon request, unknown/misspecified source",mineru_md,60566
40185740,PMC11971246,10.1038/s41597-025-04431-z,,mineru_md,54027
40185786,PMC11971418,10.1038/s41597-025-04904-1,unknown/misspecified source,mineru_md,66908
40188135,PMC11972284,10.1038/s41597-025-04868-2,"supplement, re-use",mineru_md,52761
40195327,PMC11976995,10.1038/s41597-025-04935-8,github,mineru_md,65567
40195340,PMC11976906,10.1038/s41597-025-04924-x,,mineru_md,80021
40210645,PMC11985987,10.1038/s41597-025-04733-2,supplement,mineru_md,73521
40210896,PMC11985953,10.1038/s41597-025-04892-2,unknown/misspecified source,mineru_md,80021
40210926,PMC11986027,10.1038/s41597-025-04946-5,,mineru_md,51542
40216747,PMC11992241,10.1038/s41597-025-04917-w,github,mineru_md,38188
40216786,PMC11992069,10.1038/s41597-025-04954-5,github,mineru_md,41276
40221416,PMC11993632,10.1038/s41597-025-04467-1,github,mineru_md,80021
40229303,PMC11997039,10.1038/s41597-025-04896-y,unknown/misspecified source,mineru_md,63324
40234488,PMC12000613,10.1038/s41597-025-04961-6,unknown/misspecified source,mineru_md,61868
40234516,PMC12000615,10.1038/s41597-025-04820-4,,mineru_md,27582
40246910,PMC12006390,10.1038/s41597-025-04983-0,unknown/misspecified source,mineru_md,40190
40251194,PMC12008225,10.1038/s41597-025-04988-9,unknown/misspecified source,mineru_md,47862
40251200,PMC12008394,10.1038/s41597-025-04907-y,supplement,mineru_md,59118
40253409,PMC12009327,10.1038/s41597-025-04952-7,github,mineru_md,40020
40274834,PMC12022272,10.1038/s41597-025-05011-x,,mineru_md,80021
40280914,PMC12032081,10.1038/s41597-025-04898-w,github,mineru_md,53290
40280936,PMC12032199,10.1038/s41597-025-05039-z,,mineru_md,36585
40301334,PMC12041192,10.1038/s41597-025-04956-3,unknown/misspecified source,mineru_md,78449
40301348,PMC12041405,10.1038/s41597-025-05043-3,,mineru_md,22505
40301357,PMC12041466,10.1038/s41597-025-05023-7,unknown/misspecified source,mineru_md,41448
40301383,PMC12041257,10.1038/s41597-025-05035-3,,mineru_md,64314
40301400,PMC12041555,10.1038/s41597-025-05046-0,"unknown/misspecified source, supplement",mineru_md,67157
40307236,PMC12043970,10.1038/s41597-025-05071-z,unknown/misspecified source,mineru_md,46926
40307255,PMC12043936,10.1038/s41597-025-05030-8,,mineru_md,60006
40307293,PMC12043899,10.1038/s41597-025-04905-0,unknown/misspecified source,mineru_md,80021
40316510,PMC12048565,10.1038/s41597-025-05033-5,,mineru_md,27123
40319046,PMC12049436,10.1038/s41597-025-05085-7,unknown/misspecified source,mineru_md,33807
40325074,PMC12053570,10.1038/s41597-025-05095-5,,mineru_md,26171
40328768,PMC12056090,10.1038/s41597-025-05015-7,github,mineru_md,42311
40328782,PMC12056226,10.1038/s41597-025-05084-8,,mineru_md,25151
40328796,PMC12056026,10.1038/s41597-025-05094-6,,mineru_md,28645
40335525,PMC12059044,10.1038/s41597-025-05091-9,,mineru_md,21720
40341034,PMC12062305,10.1038/s41597-025-05099-1,supplement,mineru_md,71222
40348741,PMC12065907,10.1038/s41597-025-05125-2,github,mineru_md,34800
40348761,PMC12065839,10.1038/s41597-025-05142-1,,mineru_md,29290
40348768,PMC12065801,10.1038/s41597-025-05026-4,,mineru_md,75221
40360501,PMC12075588,10.1038/s41597-025-05049-x,re-use,mineru_md,45870
40368929,PMC12078530,10.1038/s41597-025-05032-6,"re-use, unknown/misspecified source",mineru_md,64260
40374651,PMC12081736,10.1038/s41597-025-05052-2,"supplement, upon request, github, unknown/misspecified source",mineru_md,47188
40379663,PMC12084580,10.1038/s41597-025-05138-x,unknown/misspecified source,mineru_md,80021
40382339,PMC12085678,10.1038/s41597-025-05003-x,unknown/misspecified source,mineru_md,51438
40382363,PMC12085639,10.1038/s41597-025-05180-9,unknown/misspecified source,mineru_md,34152
40394065,PMC12092654,10.1038/s41597-025-05163-w,re-use,mineru_md,53429
40399294,PMC12095590,10.1038/s41597-025-05203-5,,mineru_md,80021
40399296,PMC12095652,10.1038/s41597-025-04786-3,"re-use, upon request, github, unknown/misspecified source",mineru_md,80021
40399302,PMC12095754,10.1038/s41597-025-05190-7,unknown/misspecified source,mineru_md,41494
40399318,PMC12095621,10.1038/s41597-025-05184-5,,mineru_md,53234
40399336,PMC12095585,10.1038/s41597-025-04993-y,supplement,mineru_md,80021
40404652,PMC12098773,10.1038/s41597-025-05204-4,,mineru_md,43306
40410157,PMC12102343,10.1038/s41597-025-05168-5,,mineru_md,80021
40410191,PMC12102287,10.1038/s41597-025-04833-z,github,mineru_md,74075
40410207,PMC12102372,10.1038/s41597-025-05174-7,,mineru_md,41359
40410218,PMC12102280,10.1038/s41597-025-05102-9,supplement,mineru_md,68131
40419541,PMC12106846,10.1038/s41597-025-05146-x,upon request,mineru_md,39442
40425575,PMC12116792,10.1038/s41597-025-04910-3,unknown/misspecified source,mineru_md,80021
40425599,PMC12116797,10.1038/s41597-025-05221-3,unknown/misspecified source,mineru_md,49963
40425649,PMC12117166,10.1038/s41597-025-04906-z,github,mineru_md,74219
40436877,PMC12119873,10.1038/s41597-025-05222-2,,mineru_md,64564
40436878,PMC12119835,10.1038/s41597-025-05208-0,github,mineru_md,45242
40436913,PMC12120125,10.1038/s41597-025-05269-1,,mineru_md,22940
40442083,PMC12123031,10.1038/s41597-025-05255-7,,mineru_md,57902
40447593,PMC12125329,10.1038/s41597-025-05172-9,unknown/misspecified source,mineru_md,80021
40447606,PMC12125228,10.1038/s41597-025-05261-9,unknown/misspecified source,mineru_md,28162
40456766,PMC12130454,10.1038/s41597-025-05282-4,github,mineru_md,25111
40467610,PMC12137627,10.1038/s41597-025-05247-7,re-use,mineru_md,37777
40473677,PMC12141465,10.1038/s41597-025-05290-4,re-use,mineru_md,49266
40483269,PMC12145417,10.1038/s41597-025-05313-0,supplement,mineru_md,48022
40483272,PMC12145448,10.1038/s41597-025-05256-6,,mineru_md,40581
40483273,PMC12145456,10.1038/s41597-025-05179-2,unknown/misspecified source,mineru_md,80021
40483299,PMC12145438,10.1038/s41597-025-05325-w,,mineru_md,40757
40490450,PMC12149298,10.1038/s41597-025-05145-y,unknown/misspecified source,mineru_md,29153
40494879,PMC12152134,10.1038/s41597-025-05227-x,,mineru_md,29387
40506458,PMC12163074,10.1038/s41597-025-05022-8,,mineru_md,30923
40506549,PMC12162830,10.1038/s41597-025-05193-4,,mineru_md,58131
40514357,PMC12166075,10.1038/s41597-025-05274-4,re-use,mineru_md,80021
40514385,PMC12166058,10.1038/s41597-025-05342-9,"github, unknown/misspecified source",mineru_md,51537
40517157,PMC12167379,10.1038/s41597-025-05312-1,upon request,mineru_md,80021
40527889,PMC12174361,10.1038/s41597-025-05266-4,re-use,mineru_md,59914
40527908,PMC12174347,10.1038/s41597-025-05392-z,github,mineru_md,30507
40527922,PMC12174341,10.1038/s41597-025-05278-0,"re-use, unknown/misspecified source",mineru_md,50888
40533466,PMC12177048,10.1038/s41597-025-05391-0,supplement,mineru_md,44566
40533475,PMC12177041,10.1038/s41597-025-05319-8,"unknown/misspecified source, supplement, github",mineru_md,56314
40537469,PMC12179300,10.1038/s41597-025-05323-y,unknown/misspecified source,mineru_md,48758
40537569,PMC12179291,10.1038/s41597-025-05241-z,,mineru_md,37921
40541968,PMC12181423,10.1038/s41597-025-05382-1,,mineru_md,71652
40542019,PMC12181276,10.1038/s41597-025-05374-1,unknown/misspecified source,mineru_md,70889
40544156,PMC12182570,10.1038/s41597-025-05383-0,supplement,mineru_md,53380
40544163,PMC12182576,10.1038/s41597-025-04911-2,github,mineru_md,66409
40550798,PMC12185753,10.1038/s41597-025-05360-7,,mineru_md,53859
40550814,PMC12185699,10.1038/s41597-025-05309-w,,mineru_md,39013
40550819,PMC12185686,10.1038/s41597-025-05384-z,,mineru_md,77924
