38263360,/data/NIMH_scratch/adamt/osm/datafiles/mineru_bigbatch_output/382/38263360/auto/38263360.md,completed
38987561,/data/NIMH_scratch/adamt/osm/datafiles/mineru_batch2_output/389/38987561/auto/38987561.md,completed
38992038,/data/NIMH_scratch/adamt/osm/datafiles/mineru_bigbatch_output/389/38992038/auto/38992038.md,completed
39033167,/data/NIMH_scratch/adamt/osm/datafiles/mineru_bigbatch_output/390/39033167/auto/39033167.md,completed
39095370,/data/NIMH_scratch/adamt/osm/datafiles/mineru_bigbatch_output/390/39095370/auto/39095370.md,completed
39353923,/data/NIMH_scratch/adamt/osm/datafiles/mineru_batch2_output/393/39353923/auto/39353923.md,completed
39567508,/data/NIMH_scratch/adamt/osm/datafiles/mineru_batch2_output/395/39567508/auto/39567508.md,completed
39567545,/data/NIMH_scratch/adamt/osm/datafiles/mineru_batch2_output/395/39567545/auto/39567545.md,completed
39572561,/data/NIMH_scratch/adamt/osm/datafiles/mineru_batch2_output/395/39572561/auto/39572561.md,completed
39572577,/data/NIMH_scratch/adamt/osm/datafiles/mineru_batch2_output/395/39572577/auto/39572577.md,completed
39730336,/data/NIMH_scratch/adamt/osm/datafiles/mineru_batch2_output/397/39730336/auto/39730336.md,completed
39885139,/data/NIMH_scratch/adamt/osm/datafiles/mineru_batch2_output/398/39885139/auto/39885139.md,completed
39885165,/data/NIMH_scratch/adamt/osm/datafiles/mineru_batch2_output/398/39885165/auto/39885165.md,completed
39890834,/data/NIMH_scratch/adamt/osm/datafiles/mineru_batch2_output/398/39890834/auto/39890834.md,completed
39893161,/data/NIMH_scratch/adamt/osm/datafiles/mineru_batch2_output/398/39893161/auto/39893161.md,completed
39893186,/data/NIMH_scratch/adamt/osm/datafiles/mineru_batch2_output/398/39893186/auto/39893186.md,completed
39893195,/data/NIMH_scratch/adamt/osm/datafiles/mineru_batch2_output/398/39893195/auto/39893195.md,completed
39905011,/data/NIMH_scratch/adamt/osm/datafiles/mineru_batch2_output/399/39905011/auto/39905011.md,completed
39910061,/data/NIMH_scratch/adamt/osm/datafiles/mineru_batch2_output/399/39910061/auto/39910061.md,completed
39915480,/data/NIMH_scratch/adamt/osm/datafiles/mineru_batch2_output/399/39915480/auto/39915480.md,completed
39915490,/data/NIMH_scratch/adamt/osm/datafiles/mineru_batch2_output/399/39915490/auto/39915490.md,completed
39915498,/data/NIMH_scratch/adamt/osm/datafiles/mineru_batch2_output/399/39915498/auto/39915498.md,completed
39920123,/data/NIMH_scratch/adamt/osm/datafiles/mineru_batch2_output/399/39920123/auto/39920123.md,completed
39920165,/data/NIMH_scratch/adamt/osm/datafiles/mineru_batch2_output/399/39920165/auto/39920165.md,completed
39939361,/data/NIMH_scratch/adamt/osm/datafiles/mineru_batch2_output/399/39939361/auto/39939361.md,completed
39939610,/data/NIMH_scratch/adamt/osm/datafiles/mineru_batch2_output/399/39939610/auto/39939610.md,completed
39952954,/data/NIMH_scratch/adamt/osm/datafiles/mineru_batch2_output/399/39952954/auto/39952954.md,completed
39952970,/data/NIMH_scratch/adamt/osm/datafiles/mineru_batch2_output/399/39952970/auto/39952970.md,completed
39956811,/data/NIMH_scratch/adamt/osm/datafiles/mineru_batch2_output/399/39956811/auto/39956811.md,completed
39966392,/data/NIMH_scratch/adamt/osm/datafiles/mineru_batch2_output/399/39966392/auto/39966392.md,completed
39966414,/data/NIMH_scratch/adamt/osm/datafiles/mineru_batch2_output/399/39966414/auto/39966414.md,completed
39971936,/data/NIMH_scratch/adamt/osm/datafiles/mineru_batch2_output/399/39971936/auto/39971936.md,completed
39979347,/data/NIMH_scratch/adamt/osm/datafiles/mineru_batch2_output/399/39979347/auto/39979347.md,completed
39979360,/data/NIMH_scratch/adamt/osm/datafiles/mineru_batch2_output/399/39979360/auto/39979360.md,completed
39987162,/data/NIMH_scratch/adamt/osm/datafiles/mineru_batch2_output/399/39987162/auto/39987162.md,completed
40000637,/data/NIMH_scratch/adamt/osm/datafiles/mineru_batch2_output/400/40000637/auto/40000637.md,completed
40000685,/data/NIMH_scratch/adamt/osm/datafiles/mineru_batch2_output/400/40000685/auto/40000685.md,completed
40011459,/data/NIMH_scratch/adamt/osm/datafiles/mineru_batch2_output/400/40011459/auto/40011459.md,completed
40011486,/data/NIMH_scratch/adamt/osm/datafiles/mineru_batch2_output/400/40011486/auto/40011486.md,completed
40011528,/data/NIMH_scratch/adamt/osm/datafiles/mineru_batch2_output/400/40011528/auto/40011528.md,completed
40011540,/data/NIMH_scratch/adamt/osm/datafiles/mineru_batch2_output/400/40011540/auto/40011540.md,completed
40021658,/data/NIMH_scratch/adamt/osm/datafiles/mineru_batch2_output/400/40021658/auto/40021658.md,completed
40038321,/data/NIMH_scratch/adamt/osm/datafiles/mineru_batch2_output/400/40038321/auto/40038321.md,completed
40050312,/data/NIMH_scratch/adamt/osm/datafiles/mineru_batch2_output/400/40050312/auto/40050312.md,completed
40050317,/data/NIMH_scratch/adamt/osm/datafiles/mineru_batch2_output/400/40050317/auto/40050317.md,completed
40055338,/data/NIMH_scratch/adamt/osm/datafiles/mineru_batch2_output/400/40055338/auto/40055338.md,completed
40055348,/data/NIMH_scratch/adamt/osm/datafiles/mineru_batch2_output/400/40055348/auto/40055348.md,completed
40057500,/data/NIMH_scratch/adamt/osm/datafiles/mineru_batch2_output/400/40057500/auto/40057500.md,completed
40057543,/data/NIMH_scratch/adamt/osm/datafiles/mineru_batch2_output/400/40057543/auto/40057543.md,completed
40057550,/data/NIMH_scratch/adamt/osm/datafiles/mineru_batch2_output/400/40057550/auto/40057550.md,completed
40057556,/data/NIMH_scratch/adamt/osm/datafiles/mineru_batch2_output/400/40057556/auto/40057556.md,completed
40064907,/data/NIMH_scratch/adamt/osm/datafiles/mineru_batch2_output/400/40064907/auto/40064907.md,completed
40064916,/data/NIMH_scratch/adamt/osm/datafiles/mineru_batch2_output/400/40064916/auto/40064916.md,completed
40069172,/data/NIMH_scratch/adamt/osm/datafiles/mineru_batch2_output/400/40069172/auto/40069172.md,completed
40069187,/data/NIMH_scratch/adamt/osm/datafiles/mineru_batch2_output/400/40069187/auto/40069187.md,completed
40069192,/data/NIMH_scratch/adamt/osm/datafiles/mineru_batch2_output/400/40069192/auto/40069192.md,completed
40074756,/data/NIMH_scratch/adamt/osm/datafiles/mineru_batch2_output/400/40074756/auto/40074756.md,completed
40074778,/data/NIMH_scratch/adamt/osm/datafiles/mineru_batch2_output/400/40074778/auto/40074778.md,completed
40082463,/data/NIMH_scratch/adamt/osm/datafiles/mineru_batch2_output/400/40082463/auto/40082463.md,completed
40087270,/data/NIMH_scratch/adamt/osm/datafiles/mineru_cleanup_output/400/40087270/auto/40087270.md,completed
40089497,/data/NIMH_scratch/adamt/osm/datafiles/mineru_batch2_output/400/40089497/auto/40089497.md,completed
40097426,/data/NIMH_scratch/adamt/osm/datafiles/mineru_batch2_output/400/40097426/auto/40097426.md,completed
40097439,/data/NIMH_scratch/adamt/osm/datafiles/mineru_batch2_output/400/40097439/auto/40097439.md,completed
40108130,/data/NIMH_scratch/adamt/osm/datafiles/mineru_batch2_output/401/40108130/auto/40108130.md,completed
40108146,/data/NIMH_scratch/adamt/osm/datafiles/mineru_batch2_output/401/40108146/auto/40108146.md,completed
40108248,/data/NIMH_scratch/adamt/osm/datafiles/mineru_batch2_output/401/40108248/auto/40108248.md,completed
40108251,/data/NIMH_scratch/adamt/osm/datafiles/mineru_batch2_output/401/40108251/auto/40108251.md,completed
40118852,/data/NIMH_scratch/adamt/osm/datafiles/mineru_batch2_output/401/40118852/auto/40118852.md,completed
40118864,/data/NIMH_scratch/adamt/osm/datafiles/mineru_batch2_output/401/40118864/auto/40118864.md,completed
40121204,/data/NIMH_scratch/adamt/osm/datafiles/mineru_batch2_output/401/40121204/auto/40121204.md,completed
40121221,/data/NIMH_scratch/adamt/osm/datafiles/mineru_batch2_output/401/40121221/auto/40121221.md,completed
40128215,/data/NIMH_scratch/adamt/osm/datafiles/mineru_batch2_output/401/40128215/auto/40128215.md,completed
40128259,/data/NIMH_scratch/adamt/osm/datafiles/mineru_batch2_output/401/40128259/auto/40128259.md,completed
40148331,/data/NIMH_scratch/adamt/osm/datafiles/mineru_batch2_output/401/40148331/auto/40148331.md,completed
40155635,/data/NIMH_scratch/adamt/osm/datafiles/mineru_batch2_output/401/40155635/auto/40155635.md,completed
40164648,/data/NIMH_scratch/adamt/osm/datafiles/mineru_batch2_output/401/40164648/auto/40164648.md,completed
40169613,/data/NIMH_scratch/adamt/osm/datafiles/mineru_batch2_output/401/40169613/auto/40169613.md,completed
40175438,/data/NIMH_scratch/adamt/osm/datafiles/mineru_batch2_output/401/40175438/auto/40175438.md,completed
40185786,/data/NIMH_scratch/adamt/osm/datafiles/mineru_batch2_output/401/40185786/auto/40185786.md,completed
40195327,/data/NIMH_scratch/adamt/osm/datafiles/mineru_batch2_output/401/40195327/auto/40195327.md,completed
40195340,/data/NIMH_scratch/adamt/osm/datafiles/mineru_batch2_output/401/40195340/auto/40195340.md,completed
40210896,/data/NIMH_scratch/adamt/osm/datafiles/mineru_batch2_output/402/40210896/auto/40210896.md,completed
40210926,/data/NIMH_scratch/adamt/osm/datafiles/mineru_batch2_output/402/40210926/auto/40210926.md,completed
40216747,/data/NIMH_scratch/adamt/osm/datafiles/mineru_batch2_output/402/40216747/auto/40216747.md,completed
40216786,/data/NIMH_scratch/adamt/osm/datafiles/mineru_batch2_output/402/40216786/auto/40216786.md,completed
40221416,/data/NIMH_scratch/adamt/osm/datafiles/mineru_batch2_output/402/40221416/auto/40221416.md,completed
40246910,/data/NIMH_scratch/adamt/osm/datafiles/mineru_batch2_output/402/40246910/auto/40246910.md,completed
40253409,/data/NIMH_scratch/adamt/osm/datafiles/mineru_batch2_output/402/40253409/auto/40253409.md,completed
40274834,/data/NIMH_scratch/adamt/osm/datafiles/mineru_batch2_output/402/40274834/auto/40274834.md,completed
40280914,/data/NIMH_scratch/adamt/osm/datafiles/mineru_batch2_output/402/40280914/auto/40280914.md,completed
40280936,/data/NIMH_scratch/adamt/osm/datafiles/mineru_batch2_output/402/40280936/auto/40280936.md,completed
40301334,/data/NIMH_scratch/adamt/osm/datafiles/mineru_batch2_output/403/40301334/auto/40301334.md,completed
40301348,/data/NIMH_scratch/adamt/osm/datafiles/mineru_batch2_output/403/40301348/auto/40301348.md,completed
40301383,/data/NIMH_scratch/adamt/osm/datafiles/mineru_batch2_output/403/40301383/auto/40301383.md,completed
40301400,/data/NIMH_scratch/adamt/osm/datafiles/mineru_batch2_output/403/40301400/auto/40301400.md,completed
40307236,/data/NIMH_scratch/adamt/osm/datafiles/mineru_batch2_output/403/40307236/auto/40307236.md,completed
40307255,/data/NIMH_scratch/adamt/osm/datafiles/mineru_batch2_output/403/40307255/auto/40307255.md,completed
40307293,/data/NIMH_scratch/adamt/osm/datafiles/mineru_batch2_output/403/40307293/auto/40307293.md,completed
40316510,/data/NIMH_scratch/adamt/osm/datafiles/mineru_resubmit_output/403/40316510/auto/40316510.md,completed
40319046,/data/NIMH_scratch/adamt/osm/datafiles/mineru_batch2_output/403/40319046/auto/40319046.md,completed
40325074,/data/NIMH_scratch/adamt/osm/datafiles/mineru_batch2_output/403/40325074/auto/40325074.md,completed
40328768,/data/NIMH_scratch/adamt/osm/datafiles/mineru_batch2_output/403/40328768/auto/40328768.md,completed
40328782,/data/NIMH_scratch/adamt/osm/datafiles/mineru_batch2_output/403/40328782/auto/40328782.md,completed
40328796,/data/NIMH_scratch/adamt/osm/datafiles/mineru_batch2_output/403/40328796/auto/40328796.md,completed
40335525,/data/NIMH_scratch/adamt/osm/datafiles/mineru_batch2_output/403/40335525/auto/40335525.md,completed
40341034,/data/NIMH_scratch/adamt/osm/datafiles/mineru_batch2_output/403/40341034/auto/40341034.md,completed
40348741,/data/NIMH_scratch/adamt/osm/datafiles/mineru_batch2_output/403/40348741/auto/40348741.md,completed
40348761,/data/NIMH_scratch/adamt/osm/datafiles/mineru_batch2_output/403/40348761/auto/40348761.md,completed
40348768,/data/NIMH_scratch/adamt/osm/datafiles/mineru_batch2_output/403/40348768/auto/40348768.md,completed
40360501,/data/NIMH_scratch/adamt/osm/datafiles/mineru_cleanup_output/403/40360501/auto/40360501.md,completed
40368929,/data/NIMH_scratch/adamt/osm/datafiles/mineru_batch2_output/403/40368929/auto/40368929.md,completed
40374651,/data/NIMH_scratch/adamt/osm/datafiles/mineru_batch2_output/403/40374651/auto/40374651.md,completed
40379663,/data/NIMH_scratch/adamt/osm/datafiles/mineru_batch2_output/403/40379663/auto/40379663.md,completed
40382339,/data/NIMH_scratch/adamt/osm/datafiles/mineru_batch2_output/403/40382339/auto/40382339.md,completed
40382363,/data/NIMH_scratch/adamt/osm/datafiles/mineru_batch2_output/403/40382363/auto/40382363.md,completed
40399336,/data/NIMH_scratch/adamt/osm/datafiles/mineru_batch2_output/403/40399336/auto/40399336.md,completed
40410157,/data/NIMH_scratch/adamt/osm/datafiles/mineru_batch2_output/404/40410157/auto/40410157.md,completed
40410191,/data/NIMH_scratch/adamt/osm/datafiles/mineru_batch2_output/404/40410191/auto/40410191.md,completed
40410207,/data/NIMH_scratch/adamt/osm/datafiles/mineru_batch2_output/404/40410207/auto/40410207.md,completed
40410218,/data/NIMH_scratch/adamt/osm/datafiles/mineru_batch2_output/404/40410218/auto/40410218.md,completed
40425599,/data/NIMH_scratch/adamt/osm/datafiles/mineru_batch2_output/404/40425599/auto/40425599.md,completed
40425649,/data/NIMH_scratch/adamt/osm/datafiles/mineru_batch2_output/404/40425649/auto/40425649.md,completed
40447606,/data/NIMH_scratch/adamt/osm/datafiles/mineru_batch2_output/404/40447606/auto/40447606.md,completed
40456766,/data/NIMH_scratch/adamt/osm/datafiles/mineru_batch2_output/404/40456766/auto/40456766.md,completed
40467610,/data/NIMH_scratch/adamt/osm/datafiles/mineru_batch2_output/404/40467610/auto/40467610.md,completed
40473677,/data/NIMH_scratch/adamt/osm/datafiles/mineru_batch2_output/404/40473677/auto/40473677.md,completed
40483269,/data/NIMH_scratch/adamt/osm/datafiles/mineru_batch2_output/404/40483269/auto/40483269.md,completed
40483272,/data/NIMH_scratch/adamt/osm/datafiles/mineru_batch2_output/404/40483272/auto/40483272.md,completed
40483273,/data/NIMH_scratch/adamt/osm/datafiles/mineru_batch2_output/404/40483273/auto/40483273.md,completed
40483299,/data/NIMH_scratch/adamt/osm/datafiles/mineru_batch2_output/404/40483299/auto/40483299.md,completed
40490450,/data/NIMH_scratch/adamt/osm/datafiles/mineru_batch2_output/404/40490450/auto/40490450.md,completed
40494879,/data/NIMH_scratch/adamt/osm/datafiles/mineru_batch2_output/404/40494879/auto/40494879.md,completed
40506458,/data/NIMH_scratch/adamt/osm/datafiles/mineru_batch2_output/405/40506458/auto/40506458.md,completed
40506549,/data/NIMH_scratch/adamt/osm/datafiles/mineru_batch2_output/405/40506549/auto/40506549.md,completed
40514357,/data/NIMH_scratch/adamt/osm/datafiles/mineru_batch2_output/405/40514357/auto/40514357.md,completed
40514385,/data/NIMH_scratch/adamt/osm/datafiles/mineru_batch2_output/405/40514385/auto/40514385.md,completed
40517157,/data/NIMH_scratch/adamt/osm/datafiles/mineru_batch2_output/405/40517157/auto/40517157.md,completed
40527889,/data/NIMH_scratch/adamt/osm/datafiles/mineru_batch2_output/405/40527889/auto/40527889.md,completed
40527908,/data/NIMH_scratch/adamt/osm/datafiles/mineru_batch2_output/405/40527908/auto/40527908.md,completed
40527922,/data/NIMH_scratch/adamt/osm/datafiles/mineru_batch2_output/405/40527922/auto/40527922.md,completed
40533466,/data/NIMH_scratch/adamt/osm/datafiles/mineru_batch2_output/405/40533466/auto/40533466.md,completed
40533475,/data/NIMH_scratch/adamt/osm/datafiles/mineru_batch2_output/405/40533475/auto/40533475.md,completed
40537469,/data/NIMH_scratch/adamt/osm/datafiles/mineru_resubmit_output/405/40537469/auto/40537469.md,completed
40537569,/data/NIMH_scratch/adamt/osm/datafiles/mineru_batch2_output/405/40537569/auto/40537569.md,completed
40541968,/data/NIMH_scratch/adamt/osm/datafiles/mineru_batch2_output/405/40541968/auto/40541968.md,completed
40542019,/data/NIMH_scratch/adamt/osm/datafiles/mineru_batch2_output/405/40542019/auto/40542019.md,completed
40544156,/data/NIMH_scratch/adamt/osm/datafiles/mineru_batch2_output/405/40544156/auto/40544156.md,completed
40544163,/data/NIMH_scratch/adamt/osm/datafiles/mineru_batch2_output/405/40544163/auto/40544163.md,completed
40550798,/data/NIMH_scratch/adamt/osm/datafiles/mineru_cleanup_output/405/40550798/auto/40550798.md,completed
40550814,/data/NIMH_scratch/adamt/osm/datafiles/mineru_cleanup_output/405/40550814/auto/40550814.md,completed
40550819,/data/NIMH_scratch/adamt/osm/datafiles/mineru_cleanup_output/405/40550819/auto/40550819.md,completed
